Datetime,Calories,CHO,FAT,PRO
2016-12-12T00:00:00Z,3250.8,227.70000000000002,149.4,211.6
2016-12-13T00:00:00Z,3468.8,307.3,127.7,171.2
2016-12-14T00:00:00Z,2889,251.1,104.9,165.9
2016-12-15T00:00:00Z,2100.3,117.1,90,110.89999999999999
2016-12-16T00:00:00Z,2874.3999999999996,108,165.5,153.2
2016-12-17T00:00:00Z,4553.7,401.29999999999995,244.1,189.5
2016-12-18T00:00:00Z,3732.2,448.3,141.70000000000002,182.4
2016-12-19T00:00:00Z,4311.4,450.7,194.2,169
2016-12-20T00:00:00Z,2728,167.1,163.2,141.9
2016-12-21T00:00:00Z,6452.5,593.6,255.1,217.7
2016-12-22T00:00:00Z,4699.1,469.6,172.5,144.3
2016-12-23T00:00:00Z,427,35.8,19.8,10.4
2017-01-02T00:00:00Z,420,47.5,9,16.9
2017-01-04T00:00:00Z,1011.4,139,26.5,35
2017-01-05T00:00:00Z,2477.4,157.20000000000002,121.4,198.89999999999998
2017-01-06T00:00:00Z,943.3,51.5,39.9,93.6
2017-01-07T00:00:00Z,2559.8999999999996,63.3,171.2,194.2
2017-01-08T00:00:00Z,3532.8,112,218.3,248
2017-01-09T00:00:00Z,2944.4,105.7,211.40000000000003,149.9
2017-01-10T00:00:00Z,1963.6999999999998,76.7,110.3,175.60000000000002
2017-01-11T00:00:00Z,4211.5,149.6,312,173
2017-01-12T00:00:00Z,2118,82.2,141.10000000000002,84.8
2017-01-13T00:00:00Z,2540.6,107.69999999999999,166.5,92.4
2017-01-14T00:00:00Z,2067.1,139.4,115,79.4
2017-01-15T00:00:00Z,3554.5,402.3,166.49999999999997,110.4
2017-01-16T00:00:00Z,3981.7,362.9,204.6,92.3
2017-01-17T00:00:00Z,1675.1,186,62.7,95.4
2017-01-18T00:00:00Z,438,101.8,4.2,4.8
2017-01-25T00:00:00Z,3685.5,342.5,207.3,77.49999999999999
2017-01-26T00:00:00Z,2315.1,224.5,86.30000000000001,90
2017-01-27T00:00:00Z,745.6,70.9,37.4,31.9
2018-06-09T00:00:00Z,3245.5,211.2,146.3,80.2
2018-06-10T00:00:00Z,2509.2,249.6,77.69999999999999,132.6
2018-06-11T00:00:00Z,2219.9,210.8,78.30000000000001,52.1
2018-06-12T00:00:00Z,1599.9,166.8,34.3,33.1
2018-06-13T00:00:00Z,2777,377.2,99.4,60.1
2018-06-14T00:00:00Z,2314.3,206.3,79.5,61.9
2018-06-15T00:00:00Z,2443.1,187.4,133,95.9
2018-06-16T00:00:00Z,2320.5,282.1,103.2,98.6
2018-06-17T00:00:00Z,3363,354.5,125.10000000000001,59.900000000000006
2018-06-18T00:00:00Z,2836,357,117.8,80.2
2018-06-19T00:00:00Z,2512.7,309.7,70.5,63.5
2018-06-20T00:00:00Z,2775,293.9,68.5,71.1
2018-06-21T00:00:00Z,2234.9,280.4,89.7,100.2
2018-06-22T00:00:00Z,2984.5,349.8,105.8,94
2018-06-23T00:00:00Z,3384.6,338.5,159.3,180.10000000000002
2018-06-24T00:00:00Z,3831.4,318.5,177.6,116.1
2018-06-25T00:00:00Z,2345.5,341.4,77.6,88.6
2018-06-26T00:00:00Z,2350.3,307.1,84.3,104.2
2018-06-27T00:00:00Z,3075.9,455.70000000000005,122.3,56.2
2018-06-28T00:00:00Z,1967.4,260.3,56.5,104.7
2018-06-29T00:00:00Z,1582,217.4,50.2,68
2018-07-03T00:00:00Z,2188.9,204.7,91.3,126.1
2018-07-04T00:00:00Z,2838.3,247.1,145.8,123.10000000000001
2018-07-05T00:00:00Z,2587.6,230.5,84.8,93.4
2018-07-06T00:00:00Z,4413.2,551.3,174.4,141.8
2018-07-07T00:00:00Z,2888.3,279.3,138.7,91.7
2018-07-08T00:00:00Z,2609.1,279.5,115.3,68.5
2018-07-09T00:00:00Z,2344.2000000000003,312.7,73.5,109.19999999999999
2018-07-10T00:00:00Z,3923,461.2,134.6,85.5
2018-07-11T00:00:00Z,2494.7,214,111.6,81.7
2018-07-12T00:00:00Z,2672.4,303.70000000000005,115.5,103.1
2018-07-13T00:00:00Z,3177.7,436.40000000000003,128,84.2
2018-07-14T00:00:00Z,3315.7,308.20000000000005,163.2,147.9
2018-07-15T00:00:00Z,3299.1,355.40000000000003,148,101.60000000000001
2018-07-16T00:00:00Z,2173,233.20000000000002,55,59.7
2018-07-17T00:00:00Z,2726.9,244.59999999999997,139.7,95.5
2018-07-18T00:00:00Z,3446.6,312.2,186.6,97.4
2018-07-19T00:00:00Z,2884,333.7,99,125.7
2018-07-20T00:00:00Z,2919.3,334.09999999999997,127,121.3
2018-07-21T00:00:00Z,3637.2,512.3,126.9,145
2018-07-22T00:00:00Z,3569.6,403.5,172.7,104.7
2018-07-23T00:00:00Z,3066.1,260.4,147.5,118.6
2018-07-24T00:00:00Z,4343.299999999999,515.3,133,135.7
2018-07-25T00:00:00Z,2214,304.5,78.5,77
2018-07-26T00:00:00Z,3300,423,134.5,94.2
2018-07-27T00:00:00Z,2167.5,217.89999999999998,98.3,79.8
2018-07-28T00:00:00Z,2351.3,274.29999999999995,101.80000000000001,78.5
2018-07-29T00:00:00Z,2122.2,161.7,116.3,95
2018-07-30T00:00:00Z,2592.3999999999996,162.9,165,119.3
2018-07-31T00:00:00Z,2473.4,133.6,133.9,80.6
2018-08-01T00:00:00Z,2132.4,170.8,121.30000000000001,80.7
2018-08-02T00:00:00Z,2833.4,369.8,122.8,67.5
2018-08-04T00:00:00Z,4678.4,566.4,184.3,203.5
2018-08-05T00:00:00Z,4271.6,429,214.5,132.9
2018-08-06T00:00:00Z,2487.3,247.6,121.2,91.1
2018-08-07T00:00:00Z,2405.3,233.4,110.80000000000001,117.6
2018-08-08T00:00:00Z,3188.8999999999996,320.3,183.6,97.1
2018-08-09T00:00:00Z,2499.7,266,110.8,109.9
2018-08-10T00:00:00Z,2884.3,250.39999999999998,131.1,168.4
2018-08-11T00:00:00Z,3731.5,267.8,195.6,195.89999999999998
2018-08-12T00:00:00Z,3154.9,270.9,169.7,146.1
2018-08-13T00:00:00Z,3465.8,393.8,126.5,122.19999999999999
2018-08-14T00:00:00Z,3710.9,361.4,192.8,151.2
2018-08-15T00:00:00Z,2839.4,380.9,68.9,125.1
2018-08-16T00:00:00Z,3297.2,411.2,117.2,186.3
2018-08-17T00:00:00Z,1621.1,180.2,36.5,37.2
2018-08-18T00:00:00Z,2618,246,131,172
2018-08-19T00:00:00Z,2210.1,180.2,72.7,49.699999999999996
2018-08-20T00:00:00Z,4276.7,534.2,212.3,85.9
2018-08-21T00:00:00Z,4368.5,525,206,139
2018-08-22T00:00:00Z,2689.6,347.9,74.3,87.9
2018-08-23T00:00:00Z,2491.8,281.6,116,178.60000000000002
2018-08-24T00:00:00Z,3598.4,279.4,128.9,108.69999999999999
2018-08-25T00:00:00Z,1702.6,85.9,81.9,64
2018-08-26T00:00:00Z,2873.8,60.9,165.3,104.89999999999999
2018-08-27T00:00:00Z,3624.4,237.1,182.6,134.6
2018-08-28T00:00:00Z,2867.2,290.3,103.80000000000001,116.1
2018-08-29T00:00:00Z,1912,151.5,83,63.9
2018-08-30T00:00:00Z,3140,215.5,161.3,78.9
2018-08-31T00:00:00Z,2313.5,199.7,105.19999999999999,130.5
2018-09-01T00:00:00Z,1935.8000000000002,250.7,82.6,72
2018-09-02T00:00:00Z,2363,157.8,93.8,106.2
2018-09-03T00:00:00Z,2580,236.49999999999997,132.79999999999998,97.4
2018-09-04T00:00:00Z,1987.1,176,111.9,81.5
2018-09-05T00:00:00Z,2645.1,260.4,115.7,94.3
2018-09-06T00:00:00Z,3807.4,506,150.2,105.5
2018-09-07T00:00:00Z,2497.6,265.8,83.5,82.7
2018-09-08T00:00:00Z,4098.6,493.6,265.6,117.1
2018-09-09T00:00:00Z,2518.9,253.60000000000002,113,57.4
2018-09-10T00:00:00Z,2971.4,286.4,190.1,148.7
2018-09-11T00:00:00Z,3073.5,290.1,126,118.80000000000001
2018-09-12T00:00:00Z,3794.4,377.7,175,94.39999999999999
2018-09-13T00:00:00Z,1640,216,59,62
2018-11-12T00:00:00Z,2469.4,270.8,106.1,109.69999999999999
2018-11-13T00:00:00Z,1750.6999999999998,181.29999999999998,66.9,99.1
2018-11-14T00:00:00Z,1665.5,183.9,44.5,81.69999999999999
2018-11-15T00:00:00Z,2936.3999999999996,285.70000000000005,130.2,143.5
2018-11-16T00:00:00Z,2145.1,254.5,63.2,139
2018-11-17T00:00:00Z,2424.9,286.8,113,98.8
2018-11-18T00:00:00Z,2128.9,211.9,89.8,84.5
2018-11-19T00:00:00Z,2054.8,264,60.5,90
2018-11-20T00:00:00Z,1946.4,161.9,107.8,93.5
2018-11-21T00:00:00Z,2397.8,190.3,115,114.6
2018-11-22T00:00:00Z,3664.6000000000004,411.3,188.9,117.10000000000001
2018-11-23T00:00:00Z,1936.2,224,50.8,67.19999999999999
2018-11-24T00:00:00Z,4256.2,378.3,169,81
2018-11-25T00:00:00Z,3242,321.8,181.2,94.80000000000001
2018-11-26T00:00:00Z,2221.6000000000004,284,64.8,54.69999999999999
2018-11-27T00:00:00Z,2140,153.6,79.1,62.4
2018-11-28T00:00:00Z,2908,411.4,117.5,79.8
2018-11-29T00:00:00Z,2126,167.8,98,89.6
2018-11-30T00:00:00Z,1558.4,166.7,53.5,81.3
2018-12-01T00:00:00Z,1642.6,132.3,72.3,72.50000000000001
2018-12-02T00:00:00Z,2024.9,201.3,107.2,63
2018-12-03T00:00:00Z,1927.3000000000002,232.9,127.4,111.3
2018-12-04T00:00:00Z,2690.7,297.29999999999995,170.1,84.7
2018-12-05T00:00:00Z,1731.1999999999998,196.10000000000002,67.2,75.8
2018-12-06T00:00:00Z,2008,199.8,134.1,78.6
2018-12-07T00:00:00Z,2412.3,197.8,123.4,96.19999999999999
2018-12-08T00:00:00Z,2114.8,214.8,98.5,57.5
2018-12-09T00:00:00Z,2448.5,269.1,102.3,75.7
2018-12-10T00:00:00Z,1939.8,233.6,68.4,83.89999999999999
2018-12-11T00:00:00Z,3135.8999999999996,318.9,154.3,121
2018-12-12T00:00:00Z,2625.5,288.5,105,94.30000000000001
2018-12-13T00:00:00Z,1657.2,186.7,62.7,57.2
2018-12-14T00:00:00Z,2204.2,284.9,85.6,87.80000000000001
2018-12-15T00:00:00Z,2751.9,258.1,122.4,86.8
2018-12-16T00:00:00Z,1685.9,98.4,106.3,86
2018-12-17T00:00:00Z,1760.2,213.3,69.9,54.2
2018-12-18T00:00:00Z,1848.8,234.2,77.1,57.6
2018-12-19T00:00:00Z,1276.3,134.8,37.5,94.5
2018-12-20T00:00:00Z,2409.1000000000004,266.4,99.2,97.30000000000001
2018-12-21T00:00:00Z,1747.9,191.6,65.2,96.1
2018-12-22T00:00:00Z,1143.3,93.5,59,25.4
2018-12-23T00:00:00Z,1456.7,129.6,44.7,80.2
2018-12-24T00:00:00Z,2927.8,262,94.4,75.19999999999999
2018-12-25T00:00:00Z,2189.3,239.8,94.9,53.8
2018-12-26T00:00:00Z,1115.1,108.3,47.7,24.4
2018-12-27T00:00:00Z,1766.2,204.6,62.5,84.2
2018-12-28T00:00:00Z,2100.5,175.60000000000002,104.1,87.2
2018-12-29T00:00:00Z,2506.9,218.6,114.7,81.5
2018-12-30T00:00:00Z,1991.3,228.1,67.8,70.3
2019-01-01T00:00:00Z,2377.3,191.5,114.3,115.4
2019-01-02T00:00:00Z,2126.6,204,89.9,104
2019-01-06T00:00:00Z,1648.3,170.5,60.099999999999994,91.5
2019-01-07T00:00:00Z,2116.8,214.2,99.3,77
2019-01-08T00:00:00Z,1881.8999999999999,127.7,89.4,103.6
2019-01-09T00:00:00Z,2041.4,245.5,85.6,61.6
2019-01-11T00:00:00Z,810,85,35,41
2019-05-10T00:00:00Z,2485.3,218.5,72,74.4
2019-05-11T00:00:00Z,3239.6000000000004,286.6,122.6,114.89999999999999
2019-05-12T00:00:00Z,2370.3,172.8,125.10000000000001,127.9
2019-05-13T00:00:00Z,1937.6,226.79999999999998,79,89.3
2019-05-14T00:00:00Z,1994,187.8,83.9,130.3
2019-05-15T00:00:00Z,2306.8,96,120.1,168.1
2019-05-16T00:00:00Z,2119.1,260.4,90,69.8
2019-05-17T00:00:00Z,2800.8999999999996,233.60000000000002,135.1,171.89999999999998
2019-05-18T00:00:00Z,2594.9,218.10000000000002,139.6,89.50000000000001
2019-05-19T00:00:00Z,2878.8,167.2,162.5,169.5
2019-05-20T00:00:00Z,1631.9,104.1,70.10000000000001,148
2019-05-21T00:00:00Z,3170,195.89999999999998,186,127.5
2019-05-22T00:00:00Z,3982.9,355,227.39999999999998,116.9
2019-05-23T00:00:00Z,2094.8,128.8,110.3,90.19999999999999
2019-05-24T00:00:00Z,1616.6,210,48,69.3
2019-05-25T00:00:00Z,2914.1,114.5,173.70000000000002,175.5
2019-05-26T00:00:00Z,2194.1,200.39999999999998,96.60000000000001,109.60000000000001
2019-05-27T00:00:00Z,2596.7,244.9,112.9,136.9
2019-05-28T00:00:00Z,2037.6,186.4,102.6,91.4
2019-05-29T00:00:00Z,2708.8999999999996,252.3,132.2,110.3
2019-05-30T00:00:00Z,2999.8999999999996,148.3,180.3,182.4
2019-05-31T00:00:00Z,2792.1,272.9,139.4,99.7
2019-06-01T00:00:00Z,2657.1,236.39999999999998,124.6,125.9
2019-06-02T00:00:00Z,3499.5,224.8,186.7,180.5
2019-06-03T00:00:00Z,2251,294,81,91
2019-06-04T00:00:00Z,2646.1,275.1,133.9,95.5
2019-06-05T00:00:00Z,2799.5,241,133.3,107.7
2019-06-09T00:00:00Z,170,14,9,9
2019-06-10T00:00:00Z,4192.1,347.5,206.2,136.8
2019-06-11T00:00:00Z,2125.1,199.20000000000002,125.5,83.30000000000001
2019-06-12T00:00:00Z,2252.2,260.9,112.3,62.6
2019-06-13T00:00:00Z,810,85,35,41
2019-06-24T00:00:00Z,2225.4,205.3,94,110.19999999999999
2019-06-25T00:00:00Z,2373.3,249.8,93.3,117.5
2019-06-26T00:00:00Z,2837,240.50000000000003,126,116.5
2019-06-27T00:00:00Z,3123.3,155.8,143.5,159.39999999999998
2019-06-28T00:00:00Z,2551.5,363.3,94.7,68.5
2019-07-02T00:00:00Z,1130,148.8,46.2,29.1
2020-07-23T00:00:00Z,170,14,9,9
2020-08-04T00:00:00Z,2017.6,181.3,94.8,123.5
2020-08-05T00:00:00Z,2410.1000000000004,331.70000000000005,76,107.8
2020-08-06T00:00:00Z,1772.9,110.1,59.5,123.3
2020-08-07T00:00:00Z,3166.8,299,182.3,95.6
2020-08-08T00:00:00Z,3727.4,523.8,107.4,115.3
2020-08-09T00:00:00Z,2078.2,203,76.4,72.8
2020-08-10T00:00:00Z,2335.3,201.9,98.4,105.89999999999999
2020-08-11T00:00:00Z,2317.3999999999996,163.60000000000002,111.1,118.5
2020-08-12T00:00:00Z,2374.5,159.3,140.7,120.4
2020-08-13T00:00:00Z,2918,288.29999999999995,112.5,87.4
2020-08-14T00:00:00Z,1055.3,119.2,38.5,47.199999999999996
2020-08-16T00:00:00Z,3347,309.4,162.29999999999998,99.1
2020-08-17T00:00:00Z,2917.8,263.3,130.2,118.4
2020-08-18T00:00:00Z,2574.5,282.9,111.19999999999999,77.4
2020-08-19T00:00:00Z,3323.3999999999996,209.39999999999998,180.2,122.2
2020-08-20T00:00:00Z,380,73,5,10
2020-08-23T00:00:00Z,992,115,16.6,38.2
2020-08-24T00:00:00Z,1903,244.3,52.900000000000006,57.3
2020-08-25T00:00:00Z,2252,206,127,74
2020-08-26T00:00:00Z,1779.5,193.1,77.00000000000001,82.9
2020-08-27T00:00:00Z,3009,293.2,146,99.9
2020-08-28T00:00:00Z,2742.8,377.4,90.9,71
2020-08-29T00:00:00Z,1670.4,65.7,84.5,76.4
2020-08-30T00:00:00Z,2540.3999999999996,243.2,103,82.9
2020-08-31T00:00:00Z,1050.5,102.3,41.2,65.9
2020-09-01T00:00:00Z,1472.2,151.4,62.900000000000006,80.3
2020-09-02T00:00:00Z,2467.9,198.8,97.2,90.4
2020-09-03T00:00:00Z,2783,291.2,109,89.5
2020-09-04T00:00:00Z,2188.7,262.7,69.5,68.7
2020-09-05T00:00:00Z,3266.7,168.8,185.8,184.7
2020-09-06T00:00:00Z,3769.1,331.9,230.8,113.5
2020-09-07T00:00:00Z,3726.6,359.1,176.5,171.5
2020-09-08T00:00:00Z,2945.8,355.1,128.5,112.1
2020-09-09T00:00:00Z,4348.799999999999,432.3,209.8,135
2020-09-10T00:00:00Z,3325.9,338.1,153.7,95.4
2020-09-11T00:00:00Z,1905,198,93,78
2020-09-12T00:00:00Z,1504.1,129.2,66.5,61.5
2020-09-13T00:00:00Z,3085.4,526.5,53.3,86.8
2020-09-14T00:00:00Z,1743.7,136.5,84.69999999999999,110.2
2020-09-15T00:00:00Z,1750,215.3,53.1,62.9
2020-09-16T00:00:00Z,2103.8,169.1,77.3,67.2
2020-09-17T00:00:00Z,3848.6,361.9,176.2,178.2
2020-09-18T00:00:00Z,2622.8,266.3,93.9,134.00000000000003
2020-09-19T00:00:00Z,4441.2,470.70000000000005,225.8,141.10000000000002
2020-09-20T00:00:00Z,2519,217.1,109.8,94.1
2020-09-21T00:00:00Z,2598.6,278.5,128,111.10000000000001
2020-09-22T00:00:00Z,2724.5,235.4,138.3,116.30000000000001
2020-09-23T00:00:00Z,1867.6,137.2,67.2,195.7
2020-09-24T00:00:00Z,2623.8999999999996,165,102.3,276
2020-09-25T00:00:00Z,1481.6,152.1,60.5,85.2
2020-09-26T00:00:00Z,2263.7,196.3,88.39999999999999,148.1
2020-09-27T00:00:00Z,4400.7,468.3,219,124.1
2020-09-28T00:00:00Z,4950.7,436.2,252.10000000000002,137.39999999999998
2020-09-29T00:00:00Z,3196,379.2,102.4,129
2020-09-30T00:00:00Z,1932.2,151.7,78.3,97.7
2020-10-01T00:00:00Z,2233.1000000000004,206,80.30000000000001,121.50000000000001
2020-10-02T00:00:00Z,2473.2,250.2,88.8,108.9
2020-10-03T00:00:00Z,3422.6,404.8,108.49999999999999,105.4
2020-10-04T00:00:00Z,2277.1,249.2,103.2,102.5
2020-10-05T00:00:00Z,2644.7,270.3,94.4,87.8
2020-10-06T00:00:00Z,1721.8,159.8,66,67.6
2020-10-07T00:00:00Z,1140,140.3,38.9,57.8
2020-10-08T00:00:00Z,2345.5,247.8,104.19999999999999,80.69999999999999
2020-10-09T00:00:00Z,3137.7,346,153.9,93.7
2020-10-10T00:00:00Z,2860,293.8,91,89.4
2020-10-11T00:00:00Z,2770,334,73.2,72.8
2020-10-12T00:00:00Z,2417.4,188.8,131.4,87.19999999999999
2020-10-13T00:00:00Z,2102.7,185.1,25,51.3
2020-10-14T00:00:00Z,4744,543.6,241.5,115
2020-10-15T00:00:00Z,3456.8,312.6,181.9,104.8
2020-10-16T00:00:00Z,2210,197.6,122.9,96.5
2020-10-17T00:00:00Z,2749.3999999999996,235.7,124.9,84.4
2020-10-18T00:00:00Z,2325.4,250.4,102.7,104.2
2020-10-19T00:00:00Z,2863.5,292.29999999999995,105.5,101.19999999999999
2020-10-20T00:00:00Z,3399.3,446.4,127.80000000000001,75.2
2020-10-21T00:00:00Z,3943.5,426.8,161.1,79.8
2020-10-22T00:00:00Z,1542,118.5,24.9,51.3
2020-10-23T00:00:00Z,1539.2,151.1,74.2,70.3
2020-10-24T00:00:00Z,1907.9,192.1,81.6,78.7
2020-10-25T00:00:00Z,3368.3,327.1,139.2,123.9
2020-10-26T00:00:00Z,2848.2,258.1,135.5,119.69999999999999
2020-10-27T00:00:00Z,3060.3,345.2,125,101.1
2020-10-28T00:00:00Z,2430,256.8,115.2,90.80000000000001
2020-10-29T00:00:00Z,2095.2,209.3,122.1,56.1
2020-10-30T00:00:00Z,3038.7999999999997,287.5,133.2,113.1
2020-10-31T00:00:00Z,2068.2,157.7,92.4,78
2020-11-01T00:00:00Z,3329.9,305.2,152.7,126.89999999999999
2020-11-02T00:00:00Z,2486.5,200.5,129.8,113.1
2020-11-03T00:00:00Z,2145.2,162.4,127.3,102.39999999999999
2020-11-04T00:00:00Z,2329.3,232.5,115.1,104.7
2020-11-05T00:00:00Z,2294.7,173.6,113.5,104.3
2020-11-06T00:00:00Z,2694.6,224.10000000000002,122.2,114.5
2020-11-07T00:00:00Z,3869.7,410.1,173.1,120
2020-11-08T00:00:00Z,2301,172.8,107.69999999999999,133.2
2020-11-09T00:00:00Z,2121.1,245,92.7,90.7
2020-11-10T00:00:00Z,1582.4,238.60000000000002,39,87.6
2020-11-11T00:00:00Z,2117.8,144.20000000000002,100,137.8
2020-11-12T00:00:00Z,2365,254.3,85.89999999999999,163.8
2020-11-13T00:00:00Z,3959.3,422.79999999999995,140.7,182.9
2020-11-14T00:00:00Z,1921.6,176.6,85,118.4
2020-11-15T00:00:00Z,2165.8,240.2,79.3,95.5
2020-11-16T00:00:00Z,2165.8999999999996,203.8,74.2,112
2020-11-17T00:00:00Z,2242.6,162.9,83.5,133.39999999999998
2020-11-18T00:00:00Z,1478.6,186.7,46.2,49
2020-11-19T00:00:00Z,1843.8,175.2,65.2,150.7
2020-11-20T00:00:00Z,2647.5,293.29999999999995,82.39999999999999,95.6
2020-11-21T00:00:00Z,2319.7,329,61.8,83.7
2020-11-22T00:00:00Z,2413.4,240.1,110.6,97.7
2020-11-23T00:00:00Z,1633.2,154.3,94.4,64.4
2020-11-24T00:00:00Z,2232.4,195.2,96.4,146.60000000000002
2020-11-25T00:00:00Z,2679.4,206.2,105.9,186.9
2020-11-26T00:00:00Z,2256.8,256.4,81.1,139.70000000000002
2020-11-30T00:00:00Z,2612.8,201.2,143.8,134.4
2020-12-01T00:00:00Z,2060.7,184.3,99,100.2
2020-12-02T00:00:00Z,2255.3,194,115.30000000000001,112.19999999999999
2020-12-03T00:00:00Z,2074.8,174.2,73.5,110.4
2020-12-04T00:00:00Z,3113.2,279,135.2,119.8
2020-12-05T00:00:00Z,1719.8,136.2,80.6,105.6
2020-12-06T00:00:00Z,1728.5,159.39999999999998,80.89999999999999,86.39999999999999
2020-12-07T00:00:00Z,1700.2,152,55,80.4
2020-12-08T00:00:00Z,1888.3,181.9,66.2,114.6
2020-12-09T00:00:00Z,2878.6,138.5,171.39999999999998,185
2020-12-10T00:00:00Z,2213.9,202.2,90.5,119.6
2020-12-11T00:00:00Z,2246.3,219.39999999999998,93.3,105.19999999999999
2020-12-12T00:00:00Z,3060.8,341.2,110.60000000000001,128.8
2020-12-13T00:00:00Z,2673.9,175.1,377.7,109.4
2020-12-14T00:00:00Z,2775.4,305,118.2,98.30000000000001
2020-12-15T00:00:00Z,2774.4,298,105.1,108.79999999999998
2020-12-16T00:00:00Z,2201.8,216.1,90,105.7
2020-12-17T00:00:00Z,2251.1,184.2,106.6,103.5
2020-12-18T00:00:00Z,3755.3,378.6,164.1,125.9
2020-12-19T00:00:00Z,1208.9,166.5,44.5,28.799999999999997
2020-12-21T00:00:00Z,1819.4,181.10000000000002,72.9,111.3
2020-12-22T00:00:00Z,1119.4,139.9,41.9,46.9
2020-12-24T00:00:00Z,1009.4,79.9,31.4,49.9
2020-12-26T00:00:00Z,2180.6,195.89999999999998,89.5,96.8
2020-12-27T00:00:00Z,1701.6,187.5,76.3,75.5
2020-12-28T00:00:00Z,2494,184.2,126.5,115.99999999999999
2020-12-29T00:00:00Z,1412.6,86.5,80.6,98
2020-12-30T00:00:00Z,3215.7,383.4,101.4,122.4
2021-01-01T00:00:00Z,2107.1,238.2,109.2,63.2
2021-01-02T00:00:00Z,974.4,70.4,29.1,55.9
2021-01-03T00:00:00Z,949.1,20.8,70.5,60.2
2021-01-04T00:00:00Z,125.8,9.9,6.7,6.5
2021-05-03T00:00:00Z,2455.47,264.33,96.35,98.66
2021-05-04T00:00:00Z,2587.92,312.55,103.94,117.44
2021-05-05T00:00:00Z,2040.57,258.57,58.73,123.81
2021-05-06T00:00:00Z,2643.35,275.51,107.26,120.8
2021-05-07T00:00:00Z,2258.87,233.88,87.08,103.2
2021-05-08T00:00:00Z,2560.56,279.17,100.95,106.84
2021-05-09T00:00:00Z,2023.54,246.91,80.44,84.58
2021-05-10T00:00:00Z,1970.58,158.13,80.13,83.2
2021-05-11T00:00:00Z,1861.79,206.37,68.8,112.97
2021-05-12T00:00:00Z,1412.43,177.85,46.09,79.25
2021-05-13T00:00:00Z,2033.55,267.82,74.49,86.66
2021-05-14T00:00:00Z,2908.66,392.39,91.81,98.19
2021-05-15T00:00:00Z,2912.03,254.62,144.57,111.56
2021-05-16T00:00:00Z,2616.03,243.98,129.3,130.8
2021-05-17T00:00:00Z,2146.93,212.56,80.1,112.51
2021-05-18T00:00:00Z,1918.97,225.79,60.54,82.66
2021-05-19T00:00:00Z,1897.08,226.45,81.99,73.45
2021-05-20T00:00:00Z,2413.43,221.74,120.04,83.54
2021-05-21T00:00:00Z,3223.43,266.13,129.98,163.15
2021-05-22T00:00:00Z,2101.74,280.69,80.97,81.37
2021-05-23T00:00:00Z,2450.51,301.05,91.05,132.53
2021-05-24T00:00:00Z,1632.76,164.01,53.6,134.32
2021-05-25T00:00:00Z,2145.73,188.26,99.99,113
2021-05-26T00:00:00Z,1788.54,185.56,66.93,119.51
2021-05-27T00:00:00Z,1933.22,224.63,68.71,101.29
2021-05-28T00:00:00Z,2564.86,261.16,85.84,113.09
2021-05-29T00:00:00Z,2316.21,271.83,69.44,112.4
2021-05-30T00:00:00Z,2945.65,364.28,91.67,147.62
2021-05-31T00:00:00Z,2913.93,284.65,131.72,136.65
2021-06-01T00:00:00Z,2970.34,328.49,114.17,137.02
2021-06-02T00:00:00Z,2283.19,255.9,107.48,90.64
2021-06-03T00:00:00Z,2155.82,228.37,69.47,113.27
2021-06-04T00:00:00Z,2705.32,319.36,97.36,90.87
2021-06-05T00:00:00Z,2500.07,315.2,62.54,128.98
2021-06-06T00:00:00Z,325.03,53.6,9.74,13.75
2021-06-12T00:00:00Z,2676.42,289.24,97.75,126.48
2021-06-13T00:00:00Z,1602.04,185.52,60.43,93.8
2021-06-14T00:00:00Z,2589.24,324.38,94.96,111.41
2021-06-15T00:00:00Z,2511,205.87,117.38,105
2021-06-16T00:00:00Z,1926.13,202.64,79.39,73.41
2021-06-17T00:00:00Z,1166.99,183.15,37.22,43.49
2021-06-18T00:00:00Z,1128.82,166.84,37.71,46.29
2021-06-28T00:00:00Z,1690.23,198.43,55.92,64.89
2021-06-30T00:00:00Z,2195.08,256.5,89.48,107.82
2021-07-01T00:00:00Z,2444.44,293.82,99.98,102.93
2021-07-02T00:00:00Z,1234.98,166.47,40.18,50.9
2021-07-05T00:00:00Z,1256.19,116.12,56.51,73.55
2021-08-26T00:00:00Z,325.03,53.6,9.74,13.75
2021-09-03T00:00:00Z,243.67,40.84,7.01,15.88
2021-09-18T00:00:00Z,377.12,73.42,8.69,24.35
2021-10-12T00:00:00Z,1647.99,229.01,59.69,72.7
2021-10-13T00:00:00Z,2229.22,317.99,84.49,77.16
2021-10-14T00:00:00Z,3774.29,469.56,144.09,124.52
2021-10-15T00:00:00Z,1579.75,152,73.54,93.58
2021-10-16T00:00:00Z,1687.6,163.73,70.96,89.9
2021-10-17T00:00:00Z,2818.76,371.52,109.65,111.42
2021-10-18T00:00:00Z,2903.45,280.24,143.77,107.33
2021-10-19T00:00:00Z,678.37,123.21,21.37,34.39
2021-10-20T00:00:00Z,1462.37,159.25,53.52,103.72
2021-10-21T00:00:00Z,1570.85,154.02,56,124.22
2021-10-22T00:00:00Z,1719.04,193.19,66.01,103.84
2021-10-23T00:00:00Z,1954.96,243.87,65.21,84.03
2021-10-24T00:00:00Z,1651.87,151.14,81.37,94.5
2021-10-25T00:00:00Z,2319.13,301.73,76.05,96.97
2021-10-26T00:00:00Z,1865.13,146.68,85.35,138.82
2021-10-27T00:00:00Z,1370.33,170.96,32.96,72.91
2021-10-28T00:00:00Z,2056.04,280.05,57.29,96.18
2021-10-29T00:00:00Z,2061.49,225.74,84.34,118.23
2021-10-30T00:00:00Z,2278.41,227.32,74.65,101.74
2021-10-31T00:00:00Z,2041.07,203.66,87.09,78.65
2021-11-01T00:00:00Z,2225.24,218.96,86.01,160.96
2021-11-02T00:00:00Z,1826.57,161.91,80.7,126.81
2021-11-03T00:00:00Z,1899,262.69,55.76,112.23
2021-11-04T00:00:00Z,1847.71,214.49,66.97,82.86
2021-11-05T00:00:00Z,2289.14,333.32,79.3,94.17
2021-11-06T00:00:00Z,1696.15,176.54,74.81,97.15
2021-11-07T00:00:00Z,4209.14,368.55,204.12,182
2021-11-08T00:00:00Z,2904.74,195.01,122.71,182.19
2021-11-09T00:00:00Z,2987.53,302.95,144.31,114.57
2021-11-10T00:00:00Z,1583.41,134.56,76.65,102.44
2021-11-11T00:00:00Z,2615.19,222.8,140.25,132.1
2021-11-12T00:00:00Z,922.86,92.83,40.01,66.37
2021-11-15T00:00:00Z,1910.81,189.32,84.99,115.99
2021-11-16T00:00:00Z,1077.34,132.91,39.93,67.17
2021-11-17T00:00:00Z,2208.38,269.43,80.67,126.49
2021-11-18T00:00:00Z,1828.51,217.33,69.86,109.46
2021-11-19T00:00:00Z,1993.19,246.4,78.12,93.73
2021-11-20T00:00:00Z,2057.75,221.28,74.37,150.51
2021-11-21T00:00:00Z,1862.21,220.75,64.44,122.57
2021-11-22T00:00:00Z,1282.82,170.09,46.93,64.14
2021-11-30T00:00:00Z,1138.05,113.87,49.72,71.24
2022-01-10T00:00:00Z,437.33,57.21,16.97,25.47
2022-01-17T00:00:00Z,243.67,40.84,7.01,15.88
2022-01-18T00:00:00Z,2793.45,339.5,104.17,140.45
2022-01-19T00:00:00Z,2608.69,195.23,132.66,171.88
2022-01-20T00:00:00Z,2161.72,300.84,72.09,82.38
2022-01-21T00:00:00Z,2118.29,206.8,97.09,110.63
2022-01-22T00:00:00Z,1745.88,141.09,99.43,90.88
2022-01-23T00:00:00Z,1744.47,150.25,91.54,90.65
2022-01-24T00:00:00Z,2264.71,228.23,106.9,117.73
2022-01-25T00:00:00Z,1909.67,158.33,109.72,92.63
2022-01-26T00:00:00Z,1739.92,219.42,61.92,81.47
2022-01-27T00:00:00Z,2309.6,225.16,113.43,105.51
2022-01-28T00:00:00Z,1929.24,247.82,62.24,93.35
2022-01-29T00:00:00Z,2694.99,225.78,146.15,149.57
2022-01-30T00:00:00Z,2382.29,230.74,107.36,138.73
2022-01-31T00:00:00Z,2279.73,195.98,107,146.69
2022-02-01T00:00:00Z,1383.53,125.67,63.05,89.35
2022-02-02T00:00:00Z,2761.87,202.37,146.32,162.86
2022-02-03T00:00:00Z,2542.83,258.35,107.4,140.58
2022-02-04T00:00:00Z,2068.45,141.83,115.82,124.5
2022-02-05T00:00:00Z,2420.99,159.96,138.43,131.13
2022-02-06T00:00:00Z,2665,263.1,112.33,137.79
2022-02-07T00:00:00Z,2531.18,207.8,91.57,269.1
2022-02-08T00:00:00Z,2879.68,243.86,121.51,242.1
2022-02-09T00:00:00Z,1670.01,156.88,72.45,101.96
2022-02-10T00:00:00Z,2113.18,137.22,100.05,170.14
2022-02-11T00:00:00Z,2275.62,302.03,73.34,107.24
2022-02-12T00:00:00Z,2644.52,217.02,146.71,127.08
2022-02-13T00:00:00Z,2478.76,192.5,139.09,123.98
2022-02-14T00:00:00Z,2463.2,294.5,83.65,134.39
2022-02-15T00:00:00Z,2365.26,242.02,99.73,139.84
2022-02-16T00:00:00Z,2396.08,197.55,103.62,181.53
2022-02-17T00:00:00Z,2726.68,224.2,114.94,213.49
2022-02-18T00:00:00Z,2816.96,357.18,98.52,149.64
2022-02-19T00:00:00Z,3806.16,398.89,170.76,181.36
2022-02-20T00:00:00Z,2307.61,274.22,85.39,132.49
2022-02-21T00:00:00Z,2005.46,241.39,72.31,123.23
2022-02-22T00:00:00Z,2505.18,192.96,109.18,230.93
2022-02-23T00:00:00Z,2881.9,220.79,135.73,234.27
2022-02-24T00:00:00Z,2519.89,224.46,110.05,175.05
2022-02-25T00:00:00Z,2468.43,232.32,97.92,197.42
2022-02-26T00:00:00Z,2721.8,206.05,143.08,173.61
2022-02-27T00:00:00Z,2512.74,244.67,120.64,139.54
2022-02-28T00:00:00Z,2421.36,251.22,89.97,169.7
2022-03-01T00:00:00Z,2539.09,251.69,118.48,148.41
2022-03-02T00:00:00Z,2636.37,206.5,130.65,177.03
2022-03-03T00:00:00Z,1660.56,157.8,65.42,127.07
2022-03-04T00:00:00Z,1915.1,241.38,68.94,106.46
2022-03-16T00:00:00Z,1429.9,132.78,67.71,97.87
2022-03-17T00:00:00Z,1957.84,219.42,52.92,156.46
2022-03-18T00:00:00Z,1993.68,178.42,73.09,170.4
2022-03-19T00:00:00Z,2324.49,276.21,95.8,110.44
2022-03-20T00:00:00Z,2037.82,195.4,80.22,168.05
2022-03-21T00:00:00Z,2405.46,315.33,76.61,134.05
2022-03-22T00:00:00Z,2846.62,346.84,119.61,106.79
2022-03-23T00:00:00Z,2238.62,277.69,77.69,128.65
2022-03-24T00:00:00Z,2152.82,230.9,82.32,142.18
2022-03-25T00:00:00Z,1925.73,160.86,87.77,141.09
2022-03-26T00:00:00Z,2368.88,288.51,72.96,157.1
2022-03-27T00:00:00Z,2493.33,305.71,91.31,135.96
2022-03-28T00:00:00Z,3626.76,363.41,147.71,173.71
2022-03-29T00:00:00Z,2520.09,277.78,95.44,128.78
2022-03-30T00:00:00Z,1543.31,144.36,68.93,106.71
2022-03-31T00:00:00Z,1688.02,148.26,76.97,119.77
2022-04-01T00:00:00Z,1769.14,148.81,62.11,154.05
2022-04-02T00:00:00Z,1471.61,173.58,67.49,66.56
2022-04-03T00:00:00Z,2622.09,203.38,150.34,132.87
2022-04-04T00:00:00Z,2479.45,309.53,109.55,99.61
2022-04-05T00:00:00Z,1876.91,215.85,76.53,105.97
2022-04-06T00:00:00Z,2516.09,229.39,106.67,195.12
2022-04-09T00:00:00Z,2866.05,379.32,118.81,97
2022-04-10T00:00:00Z,2043.36,305.04,61.6,85.01
2022-04-11T00:00:00Z,1762.67,185.01,78.63,98.94
2022-04-12T00:00:00Z,1681.89,229.42,66.63,63.75
2022-04-13T00:00:00Z,2487.09,301.82,99.73,95.12
2022-04-14T00:00:00Z,2650.89,297.66,102.65,160.11
2022-04-15T00:00:00Z,2027.02,252.88,60.78,86.33
2022-04-16T00:00:00Z,2403.59,252.41,107.63,128.41
2022-04-17T00:00:00Z,2257.71,210.59,113.84,118.34
2022-04-18T00:00:00Z,2931.09,235.58,131.48,232.98
2022-04-19T00:00:00Z,2507.66,273.25,91.07,184.57
2022-04-20T00:00:00Z,4124.3,420.82,205.33,198.75
2022-04-21T00:00:00Z,2476.37,300.65,88.25,94.68
2022-04-22T00:00:00Z,616.38,94.33,17.58,26.19
2022-04-29T00:00:00Z,2019.57,254.74,71.03,113.43
2022-04-30T00:00:00Z,2400.86,268.33,111.51,111.76
2022-05-01T00:00:00Z,2537.33,309.44,88.06,154.16
2022-05-02T00:00:00Z,2276.27,238.84,72.48,158.71
2022-05-03T00:00:00Z,2680.51,361.35,86.28,140.82
2022-05-04T00:00:00Z,2937.16,365.87,98.56,143.08
2022-05-05T00:00:00Z,2086.55,245.82,88.51,106.08
2022-05-06T00:00:00Z,2652.22,313.82,111.35,125.06
2022-05-07T00:00:00Z,2938.14,216.98,171.95,155.83
2022-05-08T00:00:00Z,2928.67,268.68,160.32,155.13
2022-05-09T00:00:00Z,2640.57,311.36,108.95,125.5
2022-05-10T00:00:00Z,3051.28,348.09,121.57,163.83
2022-05-11T00:00:00Z,2465.09,273.64,89.61,159.9
2022-05-12T00:00:00Z,2675.66,265.41,106.11,218.98
2022-05-13T00:00:00Z,3066.16,245.84,160.83,180.15
2022-05-14T00:00:00Z,2187.12,243.33,92.78,114.66
2022-05-15T00:00:00Z,2753.09,228.5,112.33,250.11
2022-05-16T00:00:00Z,2644.8,249.22,108.35,207.94
2022-05-20T00:00:00Z,2318.88,224.26,108.6,151.97
2022-05-21T00:00:00Z,1332.77,133.91,61.27,85.5
