date,weightkg
2016-12-12T00:00:00Z,76.3
2016-12-14T00:00:00Z,77.2
2017-01-02T00:00:00Z,77.2
2017-01-11T00:00:00Z,77.2
2017-03-08T00:00:00Z,77.2
2017-03-28T00:00:00Z,77.2
2017-06-03T00:00:00Z,76
2017-10-04T00:00:00Z,75.999
2017-11-19T00:00:00Z,75.999
2017-11-24T00:00:00Z,75.999
2018-06-24T00:00:00Z,81.9
2018-06-25T00:00:00Z,82.299
2018-06-26T00:00:00Z,82.6
2018-07-04T00:00:00Z,82.1
2018-07-18T00:00:00Z,81.6
2018-08-04T00:00:00Z,81.3
2018-11-12T00:00:00Z,82.5
2018-11-16T00:00:00Z,83
2018-11-17T00:00:00Z,82.8
2018-11-18T00:00:00Z,81.999
2018-11-19T00:00:00Z,82.4
2018-11-20T00:00:00Z,82.1
2018-11-21T00:00:00Z,81.999
2018-11-22T00:00:00Z,82.499
2018-11-23T00:00:00Z,82.699
2018-11-24T00:00:00Z,82.6
2018-11-25T00:00:00Z,83.299
2018-11-27T00:00:00Z,83.2
2018-11-28T00:00:00Z,82.299
2018-11-29T00:00:00Z,83.2
2018-11-30T00:00:00Z,83.299
2018-12-01T00:00:00Z,82.8
2018-12-02T00:00:00Z,82.499
2018-12-03T00:00:00Z,82.899
2018-12-04T00:00:00Z,82.1
2018-12-05T00:00:00Z,82.4
2018-12-06T00:00:00Z,81.7
2018-12-07T00:00:00Z,82.1
2018-12-08T00:00:00Z,81.999
2018-12-10T00:00:00Z,81.9
2018-12-11T00:00:00Z,82.2
2018-12-12T00:00:00Z,82.299
2018-12-13T00:00:00Z,82.499
2018-12-17T00:00:00Z,83.5
2018-12-18T00:00:00Z,83.099
2018-12-19T00:00:00Z,82.8
2018-12-20T00:00:00Z,82.2
2018-12-23T00:00:00Z,82.4
2018-12-24T00:00:00Z,82.8
2019-01-01T00:00:00Z,81.399
2019-01-02T00:00:00Z,81.9
2019-01-03T00:00:00Z,80.6
2019-01-05T00:00:00Z,81.799
2019-01-06T00:00:00Z,81.5
2019-01-07T00:00:00Z,81.599
2019-01-08T00:00:00Z,81.7
2019-01-09T00:00:00Z,81.999
2019-01-11T00:00:00Z,81.799
2019-01-14T00:00:00Z,82.299
2019-01-15T00:00:00Z,81.7
2019-01-18T00:00:00Z,81.1
2019-01-21T00:00:00Z,81.799
2019-01-22T00:00:00Z,81.9
2019-01-23T00:00:00Z,81.3
2019-01-24T00:00:00Z,80.9
2019-01-26T00:00:00Z,81.399
2019-01-27T00:00:00Z,82.1
2019-02-01T00:00:00Z,81.3
2019-02-03T00:00:00Z,81.5
2019-02-04T00:00:00Z,81.5
2019-02-05T00:00:00Z,81.1
2019-02-06T00:00:00Z,80.6
2019-02-07T00:00:00Z,80.8
2019-02-08T00:00:00Z,81
2019-02-09T00:00:00Z,81.1
2019-02-10T00:00:00Z,81.7
2019-02-11T00:00:00Z,81.5
2019-02-12T00:00:00Z,82
2019-02-13T00:00:00Z,81
2019-02-14T00:00:00Z,81.4
2019-02-15T00:00:00Z,81.5
2019-02-16T00:00:00Z,81.1
2019-02-18T00:00:00Z,81.3
2019-02-19T00:00:00Z,82.2
2019-02-21T00:00:00Z,81.6
2019-02-22T00:00:00Z,81.2
2019-02-25T00:00:00Z,82.3
2019-02-26T00:00:00Z,81.8
2019-02-27T00:00:00Z,82.2
2019-02-28T00:00:00Z,81.7
2019-03-03T00:00:00Z,82.1
2019-03-04T00:00:00Z,81.6
2019-03-05T00:00:00Z,82
2019-03-06T00:00:00Z,82.3
2019-03-07T00:00:00Z,82.7
2019-03-08T00:00:00Z,82.5
2019-03-10T00:00:00Z,82.7
2019-03-11T00:00:00Z,82.7
2019-03-12T00:00:00Z,81.9
2019-03-13T00:00:00Z,81.5
2019-03-14T00:00:00Z,82.1
2019-03-15T00:00:00Z,83.1
2019-03-17T00:00:00Z,82.7
2019-03-18T00:00:00Z,82.2
2019-03-19T00:00:00Z,82
2019-03-20T00:00:00Z,81.8
2019-03-21T00:00:00Z,82.3
2019-03-23T00:00:00Z,82
2019-03-24T00:00:00Z,81.5
2019-03-25T00:00:00Z,81.3
2019-03-26T00:00:00Z,81.9
2019-03-27T00:00:00Z,81.9
2019-03-28T00:00:00Z,82
2019-03-29T00:00:00Z,81.6
2019-03-30T00:00:00Z,81.6
2019-03-31T00:00:00Z,82.4
2019-04-01T00:00:00Z,82.3
2019-04-02T00:00:00Z,82.1
2019-04-03T00:00:00Z,81.9
2019-04-04T00:00:00Z,81.7
2019-04-05T00:00:00Z,81.8
2019-04-06T00:00:00Z,82
2019-04-07T00:00:00Z,81.7
2019-04-08T00:00:00Z,82
2019-04-09T00:00:00Z,82.8
2019-04-10T00:00:00Z,81.9
2019-04-11T00:00:00Z,80.9
2019-04-12T00:00:00Z,81
2019-04-13T00:00:00Z,80.8
2019-04-14T00:00:00Z,81.3
2019-04-15T00:00:00Z,82
2019-04-16T00:00:00Z,82.1
2019-04-17T00:00:00Z,82.4
2019-04-18T00:00:00Z,81.5
2019-04-19T00:00:00Z,80.5
2019-04-20T00:00:00Z,81.7
2019-04-21T00:00:00Z,81.8
2019-04-22T00:00:00Z,82.2
2019-04-23T00:00:00Z,81.5
2019-04-25T00:00:00Z,81.1
2019-04-26T00:00:00Z,80.8
2019-04-27T00:00:00Z,82.1
2019-04-28T00:00:00Z,82.1
2019-04-29T00:00:00Z,82.1
2019-04-30T00:00:00Z,82.6
2019-05-01T00:00:00Z,82.1
2019-05-02T00:00:00Z,82.4
2019-05-03T00:00:00Z,82.1
2019-05-04T00:00:00Z,81.4
2019-05-05T00:00:00Z,82.3
2019-05-06T00:00:00Z,81.6
2019-05-07T00:00:00Z,81.8
2019-05-08T00:00:00Z,82.1
2019-05-09T00:00:00Z,82.1
2019-05-10T00:00:00Z,82.7
2019-05-11T00:00:00Z,82.5
2019-05-12T00:00:00Z,83
2019-05-13T00:00:00Z,83
2019-05-14T00:00:00Z,82.9
2019-05-15T00:00:00Z,82.1
2019-05-16T00:00:00Z,82.1
2019-05-17T00:00:00Z,81.9
2019-05-18T00:00:00Z,81.5
2019-05-19T00:00:00Z,81.8
2019-05-20T00:00:00Z,81.199
2019-05-21T00:00:00Z,81.7
2019-05-22T00:00:00Z,81.9
2019-05-23T00:00:00Z,82
2019-05-24T00:00:00Z,82.3
2019-05-25T00:00:00Z,82.1
2019-05-26T00:00:00Z,82.299
2019-05-27T00:00:00Z,81.5
2019-05-28T00:00:00Z,81.7
2019-05-29T00:00:00Z,81.9
2019-05-30T00:00:00Z,81.599
2019-05-31T00:00:00Z,81.999
2019-06-02T00:00:00Z,82.4
2019-06-03T00:00:00Z,82.6
2019-06-04T00:00:00Z,82.6
2019-06-05T00:00:00Z,83.5
2019-06-07T00:00:00Z,83.999
2019-06-09T00:00:00Z,83.2
2019-06-10T00:00:00Z,82.8
2019-06-11T00:00:00Z,83.6
2019-06-12T00:00:00Z,82.6
2019-06-13T00:00:00Z,83
2019-06-14T00:00:00Z,83.8
2019-06-24T00:00:00Z,83
2019-06-25T00:00:00Z,82.6
2019-06-26T00:00:00Z,82.3
2019-06-27T00:00:00Z,82.6
2019-06-28T00:00:00Z,83.1
2019-07-02T00:00:00Z,82
2019-07-05T00:00:00Z,82.5
2019-07-07T00:00:00Z,80.8
2019-07-09T00:00:00Z,81.1
2019-07-13T00:00:00Z,82.5
2019-07-14T00:00:00Z,81.5
2019-07-15T00:00:00Z,81.5
2019-07-18T00:00:00Z,82.699
2019-07-19T00:00:00Z,82.4
2019-07-20T00:00:00Z,82.4
2019-07-21T00:00:00Z,82.5
2019-07-22T00:00:00Z,83.1
2019-07-23T00:00:00Z,82.1
2019-07-24T00:00:00Z,82.2
2019-07-25T00:00:00Z,82.3
2019-07-26T00:00:00Z,83.1
2019-07-27T00:00:00Z,82.6
2019-07-28T00:00:00Z,82.8
2019-07-29T00:00:00Z,82.899
2019-07-30T00:00:00Z,83.1
2019-07-31T00:00:00Z,83
2019-08-01T00:00:00Z,82.1
2019-08-02T00:00:00Z,82.699
2019-08-04T00:00:00Z,81.999
2019-08-05T00:00:00Z,82.2
2019-08-07T00:00:00Z,82.2
2019-08-08T00:00:00Z,82.6
2019-08-10T00:00:00Z,83
2019-08-11T00:00:00Z,82.6
2019-08-12T00:00:00Z,82.4
2019-08-14T00:00:00Z,81.8
2019-08-15T00:00:00Z,81.3
2019-08-16T00:00:00Z,81.3
2019-08-18T00:00:00Z,81.4
2019-08-19T00:00:00Z,81
2019-08-20T00:00:00Z,81
2019-08-21T00:00:00Z,80.8
2019-08-22T00:00:00Z,81.4
2019-08-23T00:00:00Z,80.9
2019-08-26T00:00:00Z,81.1
2019-08-27T00:00:00Z,81.7
2019-08-28T00:00:00Z,81.3
2019-08-29T00:00:00Z,81.5
2019-08-30T00:00:00Z,81.1
2019-08-31T00:00:00Z,80.8
2019-09-01T00:00:00Z,80.9
2019-09-02T00:00:00Z,79.9
2019-09-03T00:00:00Z,80.7
2019-09-04T00:00:00Z,81.3
2019-09-05T00:00:00Z,80.9
2019-09-06T00:00:00Z,80.4
2019-09-07T00:00:00Z,80.6
2019-09-08T00:00:00Z,81
2019-09-09T00:00:00Z,81.2
2019-09-10T00:00:00Z,81
2019-09-11T00:00:00Z,81.2
2019-09-12T00:00:00Z,81.1
2019-09-13T00:00:00Z,80.5
2019-09-14T00:00:00Z,80.9
2019-09-15T00:00:00Z,80.8
2019-09-16T00:00:00Z,81
2019-09-17T00:00:00Z,81.7
2019-09-19T00:00:00Z,81.1
2019-09-21T00:00:00Z,81.8
2019-09-22T00:00:00Z,80.9
2019-09-23T00:00:00Z,79.9
2019-09-24T00:00:00Z,80.3
2019-09-30T00:00:00Z,80.4
2019-10-01T00:00:00Z,80.5
2019-10-02T00:00:00Z,80.9
2019-10-03T00:00:00Z,81.1
2019-10-04T00:00:00Z,80.9
2019-10-05T00:00:00Z,80.4
2019-10-06T00:00:00Z,80.5
2019-10-07T00:00:00Z,80.2
2019-10-09T00:00:00Z,81.8
2019-10-11T00:00:00Z,81.7
2019-10-13T00:00:00Z,81.6
2019-10-14T00:00:00Z,82
2019-10-15T00:00:00Z,82.3
2019-10-16T00:00:00Z,82.2
2019-10-17T00:00:00Z,82.5
2019-10-18T00:00:00Z,82.4
2019-10-19T00:00:00Z,82
2019-10-21T00:00:00Z,82.1
2019-10-22T00:00:00Z,81.999
2019-10-23T00:00:00Z,82.5
2019-10-24T00:00:00Z,83.1
2019-10-25T00:00:00Z,82.9
2019-10-27T00:00:00Z,82.3
2019-10-28T00:00:00Z,82.3
2019-10-29T00:00:00Z,81.9
2019-10-30T00:00:00Z,82.4
2019-10-31T00:00:00Z,82.4
2019-11-02T00:00:00Z,82
2019-11-03T00:00:00Z,82.8
2019-11-04T00:00:00Z,82
2019-11-05T00:00:00Z,82
2019-11-06T00:00:00Z,81.6
2019-11-07T00:00:00Z,81.8
2019-11-08T00:00:00Z,81.1
2019-11-09T00:00:00Z,82
2019-11-10T00:00:00Z,82.1
2019-11-11T00:00:00Z,81.7
2019-11-12T00:00:00Z,81.7
2019-11-13T00:00:00Z,81.3
2019-11-14T00:00:00Z,80.7
2019-11-15T00:00:00Z,81.5
2019-11-16T00:00:00Z,81.5
2019-11-17T00:00:00Z,81.8
2019-11-18T00:00:00Z,81.8
2019-11-19T00:00:00Z,81.8
2019-11-20T00:00:00Z,81.2
2019-11-21T00:00:00Z,82
2019-11-22T00:00:00Z,81.7
2019-11-23T00:00:00Z,81
2019-11-24T00:00:00Z,81
2019-11-25T00:00:00Z,81.2
2019-11-26T00:00:00Z,81.5
2019-11-27T00:00:00Z,81.8
2019-11-28T00:00:00Z,81.6
2019-11-29T00:00:00Z,81.4
2019-11-30T00:00:00Z,80.8
2019-12-01T00:00:00Z,80.8
2019-12-02T00:00:00Z,81.6
2019-12-03T00:00:00Z,81.7
2019-12-04T00:00:00Z,82
2019-12-05T00:00:00Z,81.8
2019-12-06T00:00:00Z,81.8
2019-12-07T00:00:00Z,82
2019-12-08T00:00:00Z,81.6
2019-12-09T00:00:00Z,81.7
2019-12-10T00:00:00Z,81.9
2019-12-11T00:00:00Z,81.7
2019-12-12T00:00:00Z,82.1
2019-12-13T00:00:00Z,82.1
2019-12-14T00:00:00Z,80.7
2019-12-15T00:00:00Z,82.6
2019-12-16T00:00:00Z,81.2
2019-12-17T00:00:00Z,82
2019-12-18T00:00:00Z,81.9
2019-12-19T00:00:00Z,81.3
2020-01-05T00:00:00Z,77
2020-01-06T00:00:00Z,81.4
2020-01-07T00:00:00Z,81.5
2020-01-08T00:00:00Z,81
2020-01-09T00:00:00Z,81.6
2020-01-10T00:00:00Z,82.2
2020-01-11T00:00:00Z,81.8
2020-01-12T00:00:00Z,81.7
2020-01-13T00:00:00Z,81.7
2020-01-14T00:00:00Z,82
2020-01-15T00:00:00Z,81.3
2020-01-16T00:00:00Z,81.5
2020-01-17T00:00:00Z,81.4
2020-01-18T00:00:00Z,80.9
2020-01-19T00:00:00Z,82.3
2020-01-20T00:00:00Z,81.8
2020-01-21T00:00:00Z,82.2
2020-01-22T00:00:00Z,81.9
2020-01-23T00:00:00Z,81.8
2020-01-24T00:00:00Z,82.2
2020-01-27T00:00:00Z,83
2020-01-28T00:00:00Z,82.1
2020-01-29T00:00:00Z,81.8
2020-01-30T00:00:00Z,82
2020-01-31T00:00:00Z,82.5
2020-02-01T00:00:00Z,82.4
2020-02-02T00:00:00Z,82.4
2020-02-03T00:00:00Z,82.5
2020-02-04T00:00:00Z,82.3
2020-02-05T00:00:00Z,82.4
2020-02-06T00:00:00Z,81.8
2020-02-07T00:00:00Z,82.1
2020-02-08T00:00:00Z,82.8
2020-02-09T00:00:00Z,82.8
2020-02-13T00:00:00Z,81.9
2020-02-14T00:00:00Z,81.9
2020-02-15T00:00:00Z,81.2
2020-02-16T00:00:00Z,81.4
2020-02-17T00:00:00Z,82.2
2020-02-18T00:00:00Z,81.5
2020-02-19T00:00:00Z,81.4
2020-02-20T00:00:00Z,82.1
2020-03-08T00:00:00Z,82.8
2020-03-09T00:00:00Z,82.4
2020-03-10T00:00:00Z,83
2020-03-11T00:00:00Z,82.8
2020-03-12T00:00:00Z,82.7
2020-03-13T00:00:00Z,82.7
2020-03-14T00:00:00Z,82.9
2020-03-15T00:00:00Z,83.5
2020-03-16T00:00:00Z,84
2020-03-17T00:00:00Z,83.6
2020-03-20T00:00:00Z,83.4
2020-03-21T00:00:00Z,83.2
2020-03-22T00:00:00Z,82.9
2020-03-23T00:00:00Z,83.3
2020-03-24T00:00:00Z,83.6
2020-03-25T00:00:00Z,83.4
2020-03-26T00:00:00Z,82.5
2020-03-27T00:00:00Z,83.1
2020-03-28T00:00:00Z,83
2020-03-29T00:00:00Z,83.7
2020-03-30T00:00:00Z,83.1
2020-03-31T00:00:00Z,83.6
2020-04-02T00:00:00Z,83.4
2020-04-03T00:00:00Z,82.7
2020-04-04T00:00:00Z,82.7
2020-04-05T00:00:00Z,82.9
2020-04-06T00:00:00Z,83.4
2020-04-07T00:00:00Z,83.5
2020-04-08T00:00:00Z,83.1
2020-04-09T00:00:00Z,82.6
2020-04-10T00:00:00Z,83
2020-04-11T00:00:00Z,82.8
2020-04-12T00:00:00Z,83.7
2020-04-13T00:00:00Z,83.099
2020-04-14T00:00:00Z,82.9
2020-04-15T00:00:00Z,82.9
2020-04-16T00:00:00Z,83.1
2020-04-17T00:00:00Z,83.5
2020-04-18T00:00:00Z,83.5
2020-04-19T00:00:00Z,83.2
2020-04-20T00:00:00Z,83.3
2020-04-21T00:00:00Z,83.1
2020-04-22T00:00:00Z,83.3
2020-04-23T00:00:00Z,84
2020-04-24T00:00:00Z,83.6
2020-04-25T00:00:00Z,82.7
2020-04-26T00:00:00Z,82.9
2020-04-27T00:00:00Z,83.3
2020-04-28T00:00:00Z,83.3
2020-04-29T00:00:00Z,82.7
2020-04-30T00:00:00Z,82.3
2020-05-01T00:00:00Z,82.7
2020-05-02T00:00:00Z,82.3
2020-05-03T00:00:00Z,82.7
2020-05-04T00:00:00Z,82.5
2020-05-05T00:00:00Z,83.1
2020-05-06T00:00:00Z,82.4
2020-05-07T00:00:00Z,82.5
2020-05-08T00:00:00Z,82.8
2020-05-09T00:00:00Z,82.5
2020-05-10T00:00:00Z,82.8
2020-05-11T00:00:00Z,82.3
2020-05-12T00:00:00Z,82
2020-05-13T00:00:00Z,81.9
2020-05-14T00:00:00Z,82.1
2020-05-15T00:00:00Z,82.3
2020-05-16T00:00:00Z,82.8
2020-05-17T00:00:00Z,82.1
2020-05-18T00:00:00Z,82.6
2020-05-19T00:00:00Z,82.5
2020-05-20T00:00:00Z,82.5
2020-05-21T00:00:00Z,81.9
2020-05-22T00:00:00Z,81.8
2020-05-23T00:00:00Z,82.3
2020-05-24T00:00:00Z,81.3
2020-05-25T00:00:00Z,81.9
2020-05-26T00:00:00Z,81.6
2020-05-27T00:00:00Z,81.7
2020-05-28T00:00:00Z,81.6
2020-05-29T00:00:00Z,82.1
2020-05-31T00:00:00Z,81.9
2020-06-01T00:00:00Z,82.8
2020-06-02T00:00:00Z,82.3
2020-06-03T00:00:00Z,82.4
2020-06-04T00:00:00Z,82
2020-06-05T00:00:00Z,81.5
2020-06-06T00:00:00Z,81.7
2020-06-07T00:00:00Z,82.3
2020-06-08T00:00:00Z,82.5
2020-06-09T00:00:00Z,81.3
2020-06-10T00:00:00Z,81.6
2020-06-11T00:00:00Z,82.1
2020-06-12T00:00:00Z,81.8
2020-06-13T00:00:00Z,81.4
2020-06-14T00:00:00Z,81.2
2020-06-15T00:00:00Z,81.9
2020-06-16T00:00:00Z,81.7
2020-06-17T00:00:00Z,82
2020-06-18T00:00:00Z,82
2020-06-19T00:00:00Z,81.3
2020-06-20T00:00:00Z,81.8
2020-06-21T00:00:00Z,82.3
2020-06-22T00:00:00Z,83
2020-06-23T00:00:00Z,82.6
2020-06-24T00:00:00Z,82.3
2020-06-25T00:00:00Z,82.2
2020-06-26T00:00:00Z,82.1
2020-06-27T00:00:00Z,82
2020-06-28T00:00:00Z,82
2020-06-29T00:00:00Z,82.5
2020-06-30T00:00:00Z,81.9
2020-07-01T00:00:00Z,83
2020-07-02T00:00:00Z,82.3
2020-07-03T00:00:00Z,81.6
2020-07-05T00:00:00Z,81.9
2020-07-06T00:00:00Z,81.9
2020-07-07T00:00:00Z,82.2
2020-07-08T00:00:00Z,82.7
2020-07-09T00:00:00Z,82.2
2020-07-10T00:00:00Z,82.2
2020-07-11T00:00:00Z,81.8
2020-07-12T00:00:00Z,82.7
2020-07-13T00:00:00Z,82.7
2020-07-14T00:00:00Z,82.2
2020-07-15T00:00:00Z,82.3
2020-07-16T00:00:00Z,82
2020-07-17T00:00:00Z,81.9
2020-07-18T00:00:00Z,83.1
2020-07-19T00:00:00Z,82
2020-07-20T00:00:00Z,83.1
2020-07-21T00:00:00Z,82.5
2020-07-27T00:00:00Z,82.6
2020-07-28T00:00:00Z,83
2020-07-29T00:00:00Z,82.1
2020-07-30T00:00:00Z,81.9
2020-07-31T00:00:00Z,82.4
2020-08-01T00:00:00Z,82.5
2020-08-02T00:00:00Z,82
2020-08-03T00:00:00Z,81.8
2020-08-04T00:00:00Z,82
2020-08-05T00:00:00Z,81.8
2020-08-06T00:00:00Z,80.6
2020-08-07T00:00:00Z,81.1
2020-08-08T00:00:00Z,81.9
2020-08-09T00:00:00Z,81.7
2020-08-10T00:00:00Z,82.6
2020-08-11T00:00:00Z,80.8
2020-08-12T00:00:00Z,80.9
2020-08-13T00:00:00Z,80.3
2020-08-14T00:00:00Z,79.9
2020-08-15T00:00:00Z,81.4
2020-08-16T00:00:00Z,82.1
2020-08-17T00:00:00Z,81.6
2020-08-18T00:00:00Z,81.1
2020-08-19T00:00:00Z,81.8
2020-08-20T00:00:00Z,81.7
2020-08-21T00:00:00Z,81.6
2020-08-22T00:00:00Z,80.9
2020-08-23T00:00:00Z,80.4
2020-08-24T00:00:00Z,79.9
2020-08-25T00:00:00Z,79.8
2020-08-26T00:00:00Z,79.5
2020-08-28T00:00:00Z,80.3
2020-08-29T00:00:00Z,80.1
2020-08-30T00:00:00Z,80.5
2020-09-02T00:00:00Z,79.8
2020-09-03T00:00:00Z,79.9
2020-09-04T00:00:00Z,80
2020-09-05T00:00:00Z,80.3
2020-09-06T00:00:00Z,80
2020-09-07T00:00:00Z,80.5
2020-09-09T00:00:00Z,81.1
2020-09-11T00:00:00Z,82.2
2020-09-13T00:00:00Z,81.1
2020-09-14T00:00:00Z,80.9
2020-09-15T00:00:00Z,80.6
2020-09-16T00:00:00Z,79.9
2020-09-17T00:00:00Z,79.8
2020-09-18T00:00:00Z,80.9
2020-09-19T00:00:00Z,80.2
2020-09-20T00:00:00Z,79.8
2020-09-21T00:00:00Z,80.7
2020-09-22T00:00:00Z,80.7
2020-09-23T00:00:00Z,81.2
2020-09-24T00:00:00Z,81
2020-09-25T00:00:00Z,80.4
2020-09-26T00:00:00Z,79.6
2020-09-27T00:00:00Z,80.1
2020-09-28T00:00:00Z,81.6
2020-09-30T00:00:00Z,82.6
2020-10-01T00:00:00Z,82.3
2020-10-02T00:00:00Z,81.6
2020-10-03T00:00:00Z,81.3
2020-10-04T00:00:00Z,81.4
2020-10-05T00:00:00Z,82.2
2020-10-06T00:00:00Z,82.4
2020-10-07T00:00:00Z,82.3
2020-10-10T00:00:00Z,82
2020-10-11T00:00:00Z,81.6
2020-10-12T00:00:00Z,82.6
2020-10-13T00:00:00Z,83.6
2020-10-14T00:00:00Z,82.6
2020-10-15T00:00:00Z,83
2020-10-16T00:00:00Z,82.7
2020-10-18T00:00:00Z,82.5
2020-10-19T00:00:00Z,83.1
2020-10-21T00:00:00Z,82.5
2020-10-22T00:00:00Z,82.9
2020-10-23T00:00:00Z,84.2
2020-10-24T00:00:00Z,82.6
2020-10-25T00:00:00Z,81.6
2020-10-26T00:00:00Z,82
2020-10-27T00:00:00Z,83
2020-10-28T00:00:00Z,83.9
2020-10-29T00:00:00Z,84.1
2020-10-30T00:00:00Z,83.7
2020-11-02T00:00:00Z,82.7
2020-11-03T00:00:00Z,82.6
2020-11-04T00:00:00Z,82.7
2020-11-05T00:00:00Z,82.9
2020-11-06T00:00:00Z,83.3
2020-11-07T00:00:00Z,83.2
2020-11-08T00:00:00Z,82.9
2020-11-09T00:00:00Z,84.2
2020-11-10T00:00:00Z,84.2
2020-11-11T00:00:00Z,83.7
2020-11-12T00:00:00Z,84.1
2020-11-13T00:00:00Z,83.5
2020-11-15T00:00:00Z,84.1
2020-11-16T00:00:00Z,84.4
2020-11-17T00:00:00Z,84.7
2020-11-18T00:00:00Z,83.7
2020-11-19T00:00:00Z,83.1
2020-11-20T00:00:00Z,83
2020-11-21T00:00:00Z,83
2020-11-23T00:00:00Z,84
2020-11-25T00:00:00Z,83.2
2020-11-26T00:00:00Z,83.7
2020-11-30T00:00:00Z,84.6
2020-12-01T00:00:00Z,85
2020-12-02T00:00:00Z,83.3
2020-12-03T00:00:00Z,83.7
2021-01-07T00:00:00Z,83.7
2021-02-20T00:00:00Z,83.9
2021-02-21T00:00:00Z,84.3
2021-02-23T00:00:00Z,83.9
2021-02-24T00:00:00Z,84.3
2021-02-25T00:00:00Z,85.5
2021-03-13T00:00:00Z,84.6
2021-05-03T00:00:00Z,86.2
2021-05-04T00:00:00Z,86.2
2021-05-05T00:00:00Z,86.1
2021-05-06T00:00:00Z,86.8
2021-05-07T00:00:00Z,86.3
2021-05-08T00:00:00Z,85.5
2021-05-09T00:00:00Z,85.5
2021-05-10T00:00:00Z,85.9
2021-05-11T00:00:00Z,85.8
2021-05-12T00:00:00Z,85.5
2021-05-13T00:00:00Z,85.4
2021-05-14T00:00:00Z,85.2
2021-05-15T00:00:00Z,85.5
2021-05-16T00:00:00Z,85.2
2021-05-17T00:00:00Z,85.1
2021-05-18T00:00:00Z,84.7
2021-05-19T00:00:00Z,84.1
2021-05-20T00:00:00Z,84.8
2021-05-21T00:00:00Z,84.6
2021-05-22T00:00:00Z,85.3
2021-05-23T00:00:00Z,85.4
2021-05-24T00:00:00Z,85.4
2021-05-25T00:00:00Z,84.6
2021-05-26T00:00:00Z,85
2021-05-27T00:00:00Z,84.6
2021-05-28T00:00:00Z,84.6
2021-05-29T00:00:00Z,84.8
2021-05-30T00:00:00Z,85.4
2021-05-31T00:00:00Z,84.4
2021-06-01T00:00:00Z,84.8
2021-06-02T00:00:00Z,84.4
2021-06-03T00:00:00Z,84.6
2021-06-04T00:00:00Z,84.6
2021-06-05T00:00:00Z,85
2021-06-06T00:00:00Z,84.6
2021-06-07T00:00:00Z,84.5
2021-06-12T00:00:00Z,84.7
2021-06-13T00:00:00Z,85.2
2021-06-14T00:00:00Z,83.9
2021-06-15T00:00:00Z,84
2021-06-16T00:00:00Z,85.5
2021-06-17T00:00:00Z,85.6
2021-06-18T00:00:00Z,85.7
2021-06-19T00:00:00Z,85
2021-06-21T00:00:00Z,85.3
2021-06-22T00:00:00Z,85.1
2021-06-23T00:00:00Z,85.4
2021-06-24T00:00:00Z,85.1
2021-06-25T00:00:00Z,85.6
2021-06-26T00:00:00Z,85.8
2021-06-27T00:00:00Z,85.1
2021-06-28T00:00:00Z,85.3
2021-06-29T00:00:00Z,84.3
2021-06-30T00:00:00Z,85.2
2021-07-01T00:00:00Z,85.4
2021-07-02T00:00:00Z,85
2021-07-05T00:00:00Z,85.2
2021-07-07T00:00:00Z,84.9
2021-07-08T00:00:00Z,84.3
2021-07-09T00:00:00Z,84.4
2021-07-10T00:00:00Z,83.7
2021-07-11T00:00:00Z,84.2
2021-07-12T00:00:00Z,85
2021-07-13T00:00:00Z,84.8
2021-07-16T00:00:00Z,84.7
2021-08-26T00:00:00Z,85.5
2021-08-27T00:00:00Z,84.7
2021-08-28T00:00:00Z,85.6
2021-08-29T00:00:00Z,85.6
2021-09-03T00:00:00Z,86.2
2021-09-14T00:00:00Z,86.3
2021-09-15T00:00:00Z,86.5
2021-09-16T00:00:00Z,86.1
2021-09-17T00:00:00Z,85.9
2021-09-18T00:00:00Z,86.6
2021-09-19T00:00:00Z,86.6
2021-09-20T00:00:00Z,86.6
2021-09-21T00:00:00Z,86.9
2021-09-22T00:00:00Z,86.3
2021-09-23T00:00:00Z,86.3
2021-09-24T00:00:00Z,85.9
2021-09-28T00:00:00Z,85.5
2021-09-29T00:00:00Z,85.7
2021-09-30T00:00:00Z,86
2021-10-01T00:00:00Z,85.3
2021-10-02T00:00:00Z,85.5
2021-10-12T00:00:00Z,87
2021-10-13T00:00:00Z,86
2021-10-14T00:00:00Z,85.9
2021-10-15T00:00:00Z,86.4
2021-10-16T00:00:00Z,85.4
2021-10-17T00:00:00Z,85.4
2021-10-18T00:00:00Z,85.8
2021-10-19T00:00:00Z,85.5
2021-10-20T00:00:00Z,86.5
2021-10-22T00:00:00Z,85.4
2021-10-23T00:00:00Z,85.1
2021-10-24T00:00:00Z,85.2
2021-10-25T00:00:00Z,85
2021-10-26T00:00:00Z,84.8
2021-10-27T00:00:00Z,85.2
2021-10-28T00:00:00Z,84.5
2021-10-29T00:00:00Z,84.4
2021-10-30T00:00:00Z,84.6
2021-10-31T00:00:00Z,83.9
2021-11-01T00:00:00Z,83.9
2021-11-02T00:00:00Z,84.9
2021-11-03T00:00:00Z,84.4
2021-11-04T00:00:00Z,83.8
2021-11-05T00:00:00Z,84.7
2021-11-06T00:00:00Z,85
2021-11-07T00:00:00Z,85.1
2021-11-08T00:00:00Z,84.6
2021-11-10T00:00:00Z,84.7
2021-11-11T00:00:00Z,84.6
2021-11-12T00:00:00Z,84.3
2021-11-15T00:00:00Z,84.6
2021-11-16T00:00:00Z,85.1
2021-11-17T00:00:00Z,85.1
2021-11-18T00:00:00Z,85.3
2021-11-19T00:00:00Z,84.7
2021-11-20T00:00:00Z,84.6
2021-11-21T00:00:00Z,85
2021-11-30T00:00:00Z,85.5
2021-12-01T00:00:00Z,85.9
2021-12-02T00:00:00Z,85.8
2021-12-04T00:00:00Z,84.9
2021-12-05T00:00:00Z,85.3
2021-12-06T00:00:00Z,85.3
2021-12-07T00:00:00Z,85.7
2021-12-08T00:00:00Z,85.3
2021-12-10T00:00:00Z,85
2021-12-22T00:00:00Z,85
2021-12-28T00:00:00Z,84.7
2021-12-31T00:00:00Z,85.4
2022-01-01T00:00:00Z,85
2022-01-02T00:00:00Z,85.8
2022-01-11T00:00:00Z,84.9
2022-01-12T00:00:00Z,85.6
2022-01-13T00:00:00Z,85.3
2022-01-14T00:00:00Z,85.7
2022-01-16T00:00:00Z,85.9
2022-01-17T00:00:00Z,86.2
2022-01-18T00:00:00Z,86.9
2022-01-19T00:00:00Z,86.1
2022-01-20T00:00:00Z,85.9
2022-01-21T00:00:00Z,85.7
2022-01-22T00:00:00Z,85.4
2022-01-23T00:00:00Z,85.9
2022-01-24T00:00:00Z,85.5
2022-01-25T00:00:00Z,85.4
2022-01-26T00:00:00Z,85.4
2022-01-27T00:00:00Z,84.8
2022-01-28T00:00:00Z,85
2022-01-29T00:00:00Z,85.1
2022-01-30T00:00:00Z,85.1
2022-01-31T00:00:00Z,84.9
2022-02-02T00:00:00Z,84.6
2022-02-03T00:00:00Z,84.8
2022-02-04T00:00:00Z,84.7
2022-02-05T00:00:00Z,84.4
2022-02-06T00:00:00Z,84
2022-02-07T00:00:00Z,84.4
2022-02-08T00:00:00Z,85.6
2022-02-09T00:00:00Z,85.7
2022-02-10T00:00:00Z,85
2022-02-11T00:00:00Z,85.1
2022-02-12T00:00:00Z,84.7
2022-02-13T00:00:00Z,84.6
2022-02-14T00:00:00Z,85.2
2022-02-15T00:00:00Z,85.4
2022-02-16T00:00:00Z,85.4
2022-02-17T00:00:00Z,85.5
2022-02-18T00:00:00Z,84.8
2022-02-19T00:00:00Z,85.6
2022-02-21T00:00:00Z,85.7
2022-02-22T00:00:00Z,84.5
2022-02-23T00:00:00Z,85.3
2022-02-25T00:00:00Z,85
2022-02-26T00:00:00Z,84.4
2022-02-27T00:00:00Z,84.4
2022-02-28T00:00:00Z,85.4
2022-03-01T00:00:00Z,85.1
2022-03-02T00:00:00Z,84.8
2022-03-04T00:00:00Z,84.5
2022-03-16T00:00:00Z,83.6
2022-03-18T00:00:00Z,84.4
2022-03-19T00:00:00Z,82.9
2022-03-20T00:00:00Z,82.7
2022-03-21T00:00:00Z,83.8
2022-03-23T00:00:00Z,83.9
2022-03-24T00:00:00Z,83.9
2022-03-25T00:00:00Z,83.2
2022-03-26T00:00:00Z,82.7
2022-03-27T00:00:00Z,83.3
2022-03-28T00:00:00Z,83.5
2022-03-30T00:00:00Z,84.1
2022-03-31T00:00:00Z,83.1
2022-04-01T00:00:00Z,82.8
2022-04-02T00:00:00Z,82.7
2022-04-03T00:00:00Z,82.8
2022-04-04T00:00:00Z,82.6
2022-04-05T00:00:00Z,82.5
2022-04-06T00:00:00Z,82.7
2022-04-07T00:00:00Z,82.7
2022-04-08T00:00:00Z,82.6
2022-04-09T00:00:00Z,82.6
2022-04-10T00:00:00Z,82.4
2022-04-11T00:00:00Z,82.5
2022-04-12T00:00:00Z,81.5
2022-04-13T00:00:00Z,81.5
2022-04-14T00:00:00Z,81.7
2022-04-15T00:00:00Z,83
2022-04-16T00:00:00Z,82.9
2022-04-17T00:00:00Z,82.9
2022-04-18T00:00:00Z,82.6
2022-04-20T00:00:00Z,82.3
2022-04-21T00:00:00Z,82.4
2022-04-22T00:00:00Z,83.5
2022-04-29T00:00:00Z,83.9
2022-04-30T00:00:00Z,83.7
2022-05-01T00:00:00Z,83.2
2022-05-02T00:00:00Z,84
2022-05-03T00:00:00Z,83.5
2022-05-04T00:00:00Z,83.9
2022-05-06T00:00:00Z,83.5
2022-05-09T00:00:00Z,83
2022-05-10T00:00:00Z,83.6
2022-05-12T00:00:00Z,83.1
2022-05-13T00:00:00Z,84
2022-05-14T00:00:00Z,83.5
2022-05-15T00:00:00Z,83.2
2022-05-16T00:00:00Z,83.6
2022-05-17T00:00:00Z,83.6
2022-05-20T00:00:00Z,83.9
2022-05-21T00:00:00Z,84.4
2022-05-23T00:00:00Z,83.4
2022-05-24T00:00:00Z,83.8
2022-05-25T00:00:00Z,83.4
2022-05-26T00:00:00Z,83.7
2022-05-29T00:00:00Z,83.4
2022-05-30T00:00:00Z,83.2
