Date,Energy (kcal),Alcohol (g),Caffeine (mg),Water (g),B1 (Thiamine) (mg),B2 (Riboflavin) (mg),B3 (Niacin) (mg),B5 (Pantothenic Acid) (mg),B6 (Pyridoxine) (mg),B12 (Cobalamin) (µg),Folate (µg),Vitamin A (µg),Vitamin C (mg),Vitamin D (IU),Vitamin E (mg),Vitamin K (µg),Calcium (mg),Copper (mg),Iron (mg),Magnesium (mg),Manganese (mg),Phosphorus (mg),Potassium (mg),Selenium (µg),Sodium (mg),Zinc (mg),Carbs (g),Fiber (g),Starch (g),Sugars (g),Net Carbs (g),Fat (g),Cholesterol (mg),Monounsaturated (g),Polyunsaturated (g),Saturated (g),Trans-Fats (g),Omega-3 (g),Omega-6 (g),Cystine (g),Histidine (g),Isoleucine (g),Leucine (g),Lysine (g),Methionine (g),Phenylalanine (g),Protein (g),Threonine (g),Tryptophan (g),Tyrosine (g),Valine (g),Completed
2021-05-01,,,,,,,,,,,,,,,,,,,,,,,,,,,,,,,,,,,,,,,,,,,,,,,,,,,,false
2021-05-02,,,,,,,,,,,,,,,,,,,,,,,,,,,,,,,,,,,,,,,,,,,,,,,,,,,,false
2021-05-03,2455.47,31.80,125.50,1181.13,6.29,7.91,90.31,39.73,7.96,26.03,1620.32,1865.31,270.01,842.79,7.07,122.70,1125.53,1.18,75.66,411.70,1.83,1886.48,3256.62,147.33,3322.08,56.91,264.33,28.39,56.85,60.99,235.94,96.35,225.01,33.04,17.60,36.88,1.94,3.35,13.30,0.76,1.90,3.49,6.07,5.89,1.98,3.35,98.66,3.08,0.86,2.85,4.05,true
2021-05-04,2587.92,0.00,0.00,339.66,2.99,3.16,41.88,16.32,3.22,11.79,720.09,637.66,116.61,436.60,4.33,77.39,422.00,0.49,35.22,164.92,1.01,965.83,1472.19,123.49,3297.66,22.79,312.55,30.66,56.42,45.75,281.89,103.94,115.63,16.69,14.69,34.03,0.56,2.80,11.49,0.62,1.23,2.43,4.17,4.19,1.46,2.28,117.44,2.23,0.57,1.83,2.63,true
2021-05-05,2040.57,0.00,0.00,781.86,3.04,3.96,50.04,19.03,4.29,11.90,770.07,894.79,86.26,237.15,3.92,2.18,1145.99,0.66,40.79,244.85,2.00,1613.01,2148.62,99.50,3973.50,30.26,258.57,14.07,83.14,31.78,244.50,58.73,306.88,17.12,5.98,22.43,1.12,0.28,1.41,0.50,1.04,2.17,3.84,2.56,1.00,1.99,123.81,1.92,0.81,1.75,2.57,true
2021-05-06,2643.35,26.50,251.01,1295.58,4.55,7.20,68.63,31.53,6.69,21.85,1212.57,1541.87,187.11,577.24,2.70,28.44,1430.02,0.84,57.60,369.23,0.90,1752.91,2988.81,64.86,4784.00,48.69,275.51,30.82,3.40,81.54,244.69,107.26,254.67,17.25,4.74,38.45,1.81,0.75,3.07,0.49,1.39,2.72,4.89,4.12,1.24,2.42,120.80,2.37,0.86,2.23,3.25,true
2021-05-07,2258.87,26.50,125.50,990.49,2.42,4.30,37.70,16.71,3.83,12.38,648.63,932.92,104.23,301.39,2.57,27.80,1179.11,0.58,31.90,240.77,0.86,1342.97,2166.83,56.57,4472.76,27.27,233.88,22.64,3.40,59.02,211.23,87.08,236.57,15.84,4.29,32.22,1.60,0.56,2.95,0.43,1.16,2.34,4.16,3.41,1.05,2.04,103.20,2.06,0.78,1.87,2.77,true
2021-05-08,2560.56,26.50,125.50,655.17,2.19,3.42,35.59,15.47,3.31,10.61,586.73,779.18,84.55,291.15,0.64,3.65,685.72,0.34,27.95,189.73,0.41,903.40,1640.98,35.05,3278.00,24.38,279.17,30.18,0.02,51.90,248.99,100.95,97.05,6.20,1.75,39.21,0.79,0.30,1.02,0.19,0.62,1.24,2.18,1.66,0.57,1.11,106.84,1.08,0.44,1.07,1.46,true
2021-05-09,2023.54,0.00,502.02,958.17,2.37,4.25,44.55,16.93,3.29,12.18,604.31,1019.50,94.27,560.65,0.96,4.17,1250.47,0.50,29.02,340.21,0.18,1155.33,2092.08,45.38,3486.97,25.48,246.91,22.50,0.02,69.09,224.41,80.44,210.81,9.83,2.78,33.36,1.31,0.64,1.34,0.19,0.91,1.67,2.95,2.33,0.82,1.61,84.58,1.39,0.51,1.60,2.06,true
2021-05-10,1970.58,45.44,125.50,905.30,0.66,1.86,23.16,4.24,2.16,5.70,117.53,446.63,60.05,593.93,8.27,36.76,638.82,0.85,7.10,223.57,1.78,992.05,3184.49,93.88,1639.70,5.28,158.13,14.41,0.27,50.95,143.73,80.13,244.19,18.50,11.87,31.21,1.54,5.29,6.00,0.50,1.52,2.54,4.42,4.31,1.47,2.24,83.20,2.33,0.73,2.01,2.92,true
2021-05-11,1861.79,0.01,0.00,796.96,3.13,4.21,54.75,20.27,5.25,14.90,758.67,859.62,141.04,715.68,9.92,39.35,643.61,1.15,39.29,263.80,1.96,1366.54,3447.81,118.73,2209.68,27.09,206.37,17.63,44.88,37.35,188.74,68.80,306.42,20.56,13.32,23.30,1.12,5.21,5.26,0.75,1.68,2.89,5.23,5.12,1.62,2.53,112.97,2.69,0.81,2.10,3.30,true
2021-05-12,1412.43,0.00,125.50,872.91,2.86,4.29,42.29,18.17,3.95,12.08,742.04,892.81,109.32,296.00,4.03,71.17,946.33,0.75,32.07,250.97,1.46,1222.61,1938.65,60.80,2643.21,27.50,177.85,16.92,39.78,43.28,160.93,46.09,199.44,15.16,4.64,20.48,1.26,0.47,0.77,0.43,0.96,1.90,3.46,2.89,0.87,1.69,79.25,1.67,0.57,1.47,2.33,true
2021-05-13,2033.55,0.00,251.01,1081.06,3.00,4.63,38.31,17.68,3.88,12.57,962.04,1080.41,131.23,372.81,3.93,92.92,1441.86,1.10,35.81,371.44,1.73,1477.27,2629.61,54.44,4631.10,28.77,267.82,40.31,29.71,54.13,227.51,74.49,170.56,19.10,5.38,34.78,2.07,1.00,1.71,0.57,1.58,3.08,5.52,4.49,1.27,2.96,86.66,2.61,0.94,2.30,3.79,true
2021-05-14,2908.66,13.25,0.00,1030.60,3.38,3.92,38.76,17.47,4.04,10.21,924.38,1112.39,113.93,219.66,2.25,32.00,1804.93,1.79,35.10,298.91,3.48,1534.81,2332.18,55.63,6712.90,28.86,392.39,35.76,154.46,97.54,356.63,91.81,207.20,12.86,5.27,44.09,1.46,0.56,1.24,0.48,1.33,2.51,4.67,3.71,1.09,2.45,98.19,2.17,0.79,1.83,3.23,true
2021-05-15,2912.03,32.19,125.50,976.81,2.87,4.05,44.27,18.52,4.25,16.92,798.69,5080.71,225.00,344.65,2.25,44.78,674.93,1.12,42.68,291.99,1.47,1413.07,2983.80,14.30,3662.12,32.90,254.62,19.81,66.41,67.66,234.81,144.57,386.31,42.38,11.04,63.63,1.54,0.24,0.27,0.09,0.33,0.58,1.03,0.91,0.28,0.58,111.56,0.51,0.15,0.52,0.76,true
2021-05-16,2616.03,2.26,125.50,1167.09,3.60,4.92,64.14,25.67,5.87,20.40,1410.50,3698.47,126.51,1083.05,13.25,1200.62,812.76,2.05,39.72,355.24,3.45,1701.96,4517.20,122.83,2529.90,34.48,243.98,30.63,84.19,39.87,213.35,129.30,415.00,40.99,16.27,46.42,1.14,6.30,3.14,0.70,2.03,3.40,5.87,6.19,1.96,2.90,130.80,3.08,0.76,2.53,3.77,true
2021-05-17,2146.93,23.90,125.50,995.92,2.57,3.67,61.88,18.98,4.67,10.18,676.60,908.47,104.24,292.83,6.23,87.47,494.93,1.02,36.48,253.74,0.76,1054.74,2540.13,71.85,4854.95,25.57,212.56,17.34,26.10,45.47,195.22,80.10,265.33,23.36,12.13,29.52,1.31,1.07,10.55,0.84,2.13,3.63,5.40,5.77,1.87,2.93,112.51,2.94,0.84,2.50,3.69,true
2021-05-18,1918.97,26.50,251.01,990.18,2.80,3.90,43.05,17.48,3.96,11.85,849.00,931.18,97.15,355.16,1.37,10.12,710.47,0.87,34.60,316.74,1.54,934.51,2185.68,78.42,2467.04,27.19,225.79,17.11,50.90,70.93,208.68,60.54,229.09,9.54,4.40,28.30,0.76,0.43,1.44,0.29,0.73,1.13,2.14,1.45,0.48,1.28,82.66,0.97,0.33,0.88,1.41,true
2021-05-19,1897.08,0.38,251.01,647.54,2.34,3.45,35.16,15.93,3.24,11.12,658.14,1038.96,105.14,363.33,3.57,20.73,1044.30,0.60,33.98,253.67,0.65,768.88,1848.36,23.97,3065.63,23.91,226.45,19.42,14.24,62.87,207.03,81.99,231.54,17.81,3.19,39.38,1.15,0.61,1.95,0.20,0.78,1.27,2.33,2.11,0.62,1.35,73.45,1.09,0.34,1.15,1.58,false
2021-05-20,2413.43,26.50,251.01,1131.27,2.59,3.80,38.09,19.10,3.52,10.19,1052.74,1732.04,131.28,354.75,4.88,659.92,1480.69,0.81,37.03,307.42,1.88,797.41,3124.48,20.01,2348.69,25.64,221.74,26.72,5.78,111.81,195.02,120.04,333.24,23.30,5.71,56.91,1.34,1.11,4.29,0.16,0.55,1.02,1.77,1.48,0.45,0.99,83.54,0.81,0.22,0.88,1.21,false
2021-05-21,3223.43,50.74,125.50,1004.33,3.25,4.20,72.83,19.13,5.21,10.98,720.14,1142.11,89.14,346.01,2.03,6.28,1311.56,0.76,42.13,303.31,1.95,1416.04,2634.67,131.93,3394.88,29.62,266.13,23.91,67.73,134.72,242.22,129.98,576.03,24.66,11.22,63.00,0.95,0.85,9.67,1.65,3.96,6.09,9.71,10.04,3.19,5.20,163.15,5.16,1.49,4.30,6.34,false
2021-05-22,2101.74,0.00,125.50,970.06,0.83,0.99,8.91,8.44,0.65,1.94,1126.96,1148.81,62.19,387.62,8.37,1800.20,789.99,1.10,12.89,229.44,3.52,656.95,4311.33,28.84,3430.35,8.03,280.69,37.68,26.86,60.86,243.01,80.97,185.98,8.42,11.36,25.93,0.69,1.11,10.01,0.27,0.59,1.36,2.19,1.88,0.59,1.18,81.37,1.09,0.25,0.99,1.37,false
2021-05-23,2450.51,22.44,125.50,1312.86,2.86,4.05,58.27,18.97,5.48,10.60,820.76,1612.34,198.65,305.25,6.65,37.86,1219.06,1.32,38.25,387.24,2.25,1446.00,4090.17,86.16,2998.39,28.39,301.05,34.07,53.71,110.62,266.98,91.05,371.79,24.26,10.12,39.32,1.01,1.09,8.23,1.09,2.85,4.60,7.21,7.54,2.34,3.99,132.53,3.88,1.12,3.37,4.94,false
2021-05-24,1632.76,0.00,251.01,697.75,2.42,4.18,53.11,17.14,4.54,14.42,609.11,842.36,92.11,363.55,1.28,17.91,791.14,0.67,32.25,244.49,0.26,1248.65,2029.35,78.76,2260.76,32.31,164.01,13.76,0.03,44.01,150.25,53.60,244.67,8.14,1.75,29.16,1.06,0.37,0.91,0.89,2.97,4.13,7.62,7.96,2.24,3.58,134.32,4.03,1.08,3.30,4.61,false
2021-05-25,2145.73,0.00,125.50,809.99,2.59,4.20,56.38,18.58,4.22,13.26,674.47,1179.90,119.52,500.33,6.05,59.05,1217.13,0.75,32.27,267.98,1.02,1460.24,1997.13,124.16,3074.60,28.27,188.26,17.50,1.53,85.00,170.76,99.99,777.73,22.66,7.14,48.46,1.31,1.80,4.39,1.16,2.83,4.76,7.83,7.80,2.56,4.26,113.00,3.90,1.13,3.81,5.35,false
2021-05-26,1788.54,0.00,125.50,606.19,2.88,4.02,62.34,20.73,5.07,13.19,748.19,1080.57,211.42,336.50,1.28,13.58,1235.86,0.53,38.47,236.21,0.30,1324.29,1557.63,71.40,2722.39,32.09,185.56,17.45,0.01,51.00,168.12,66.93,286.40,15.11,5.08,33.33,1.25,0.64,2.58,0.98,2.69,4.56,7.08,7.13,2.34,3.91,119.51,3.64,1.14,3.47,4.84,false
2021-05-27,1933.22,11.82,257.07,1111.64,3.22,4.40,47.91,20.37,4.00,13.11,849.94,1365.82,131.82,396.30,4.05,15.87,1217.17,0.92,36.66,330.54,1.16,1267.14,1864.16,59.92,3564.28,32.09,224.63,20.40,1.16,76.04,204.23,68.71,162.13,16.31,4.88,28.88,1.40,0.50,2.94,0.26,0.98,1.49,2.85,2.39,0.74,1.67,101.29,1.15,0.40,1.57,1.97,false
2021-05-28,2564.86,51.17,139.15,781.70,3.41,4.40,61.66,21.51,4.91,14.96,897.13,953.30,134.11,339.89,5.89,16.76,935.40,1.21,46.79,367.27,2.02,1486.61,2280.49,97.29,2524.52,39.31,261.16,23.63,26.32,121.22,237.53,85.84,251.58,32.95,10.55,31.33,1.29,0.78,8.94,1.17,3.01,4.41,7.89,7.37,2.34,4.38,113.09,3.67,0.96,3.66,5.14,false
2021-05-29,2316.21,29.51,125.50,993.05,4.15,4.61,50.90,20.12,4.49,13.40,857.75,934.89,126.49,409.46,1.77,9.40,486.54,0.51,37.01,238.76,0.97,1083.17,1842.01,110.92,5278.05,33.52,271.83,17.44,33.15,101.43,254.38,69.44,301.39,20.20,4.37,32.25,0.93,0.42,3.24,0.88,2.63,3.42,6.01,6.03,1.90,3.21,112.40,3.10,0.94,2.83,4.07,false
2021-05-30,2945.65,18.94,127.05,1318.38,4.32,6.23,70.16,30.20,6.84,20.59,1643.74,1781.71,178.14,1250.30,15.46,1243.95,1589.00,2.14,45.67,437.66,4.17,1814.04,5442.72,167.68,2843.07,37.37,364.28,42.65,38.43,125.85,321.63,91.67,540.44,19.31,12.62,29.05,0.69,7.63,4.47,1.14,2.90,4.95,8.55,8.69,2.78,4.44,147.62,4.46,1.15,3.81,5.60,false
2021-05-31,2913.93,10.60,125.50,754.84,3.90,4.87,47.97,21.04,4.64,14.44,879.11,1801.49,152.95,445.74,3.63,53.19,1740.36,0.63,43.73,264.10,1.10,1289.96,2012.55,107.93,5146.07,34.36,284.65,24.75,8.26,107.92,259.91,131.72,714.06,22.07,4.80,61.19,2.27,0.58,3.47,0.87,2.67,3.73,6.55,6.60,2.03,3.53,136.65,3.36,0.98,3.17,4.46,false
2021-06-01,2970.34,31.12,251.01,2017.82,5.90,8.34,99.75,42.57,9.49,24.50,1612.30,2595.58,373.94,641.93,8.36,30.81,1930.00,2.21,71.36,514.58,1.44,1736.74,5222.78,71.82,3106.44,61.39,328.49,36.84,56.09,108.74,291.65,114.17,330.99,21.02,15.39,43.27,1.23,1.52,13.08,0.64,1.88,2.91,5.01,5.27,1.62,2.73,137.02,2.67,0.82,2.40,3.46,false
2021-06-02,2283.19,0.99,251.01,676.89,3.02,4.47,50.28,20.32,4.08,12.75,809.10,1675.37,168.90,456.87,4.47,38.42,1466.89,0.98,42.59,315.70,1.11,976.99,2557.71,44.52,4082.66,29.97,255.90,27.43,10.55,85.94,228.46,107.48,211.74,18.64,4.48,46.83,0.73,0.93,2.86,0.34,0.87,1.47,2.59,2.40,0.74,1.47,90.64,1.32,0.37,1.26,1.79,false
2021-06-03,2155.82,31.80,125.50,875.61,3.44,4.81,47.87,20.96,4.12,13.50,924.18,1355.39,110.25,771.94,3.85,53.93,1319.88,0.77,43.75,264.48,1.11,1101.01,2637.87,82.03,3512.77,31.08,228.37,18.18,40.52,57.57,210.19,69.47,485.50,11.80,5.26,31.69,1.10,1.10,3.67,0.89,1.40,2.76,4.96,4.20,1.37,2.55,113.27,2.46,0.82,2.07,3.14,false
2021-06-04,2705.32,32.90,125.50,1464.39,4.21,4.96,63.20,21.43,5.03,13.76,1285.67,1328.17,474.82,485.48,10.00,63.35,572.28,1.10,42.79,306.38,1.85,1035.44,2507.12,124.80,5009.05,30.82,319.36,35.47,91.61,100.19,283.89,97.36,317.37,15.86,5.31,20.42,0.95,1.46,3.43,0.77,1.43,2.41,4.29,3.67,1.31,2.51,90.87,2.17,0.67,1.88,2.83,false
2021-06-05,2500.07,34.85,153.92,893.34,4.57,5.30,70.98,21.54,5.53,19.00,1170.31,1015.45,108.92,913.66,14.02,41.99,941.66,1.10,49.62,287.98,2.03,1545.12,2075.21,160.55,4947.82,38.08,315.20,16.82,115.66,93.43,298.38,62.54,242.45,22.38,7.32,24.03,1.39,1.44,5.39,1.48,3.62,5.25,9.65,8.84,2.94,5.07,128.98,4.80,1.35,4.20,5.87,false
2021-06-06,325.03,0.00,125.50,295.85,2.62,3.49,37.81,18.27,3.55,11.56,703.59,769.57,103.57,310.20,0.19,0.87,306.28,0.30,31.19,143.36,0.04,489.44,717.48,9.99,417.39,26.89,53.60,8.60,0.00,22.26,45.00,9.74,27.00,2.19,0.58,5.09,0.31,0.20,0.19,0.05,0.26,0.44,0.81,0.71,0.22,0.44,13.75,0.36,0.11,0.43,0.56,false
2021-06-07,,,,,,,,,,,,,,,,,,,,,,,,,,,,,,,,,,,,,,,,,,,,,,,,,,,,false
2021-06-08,,,,,,,,,,,,,,,,,,,,,,,,,,,,,,,,,,,,,,,,,,,,,,,,,,,,false
2021-06-09,,,,,,,,,,,,,,,,,,,,,,,,,,,,,,,,,,,,,,,,,,,,,,,,,,,,false
2021-06-10,,,,,,,,,,,,,,,,,,,,,,,,,,,,,,,,,,,,,,,,,,,,,,,,,,,,false
2021-06-11,,,,,,,,,,,,,,,,,,,,,,,,,,,,,,,,,,,,,,,,,,,,,,,,,,,,false
2021-06-12,2676.42,27.17,125.50,859.31,3.81,4.89,65.68,21.68,5.02,19.96,980.51,1566.10,113.63,501.78,5.84,75.36,944.16,0.84,48.17,280.34,1.15,1282.71,3199.29,103.58,3253.46,35.69,289.24,24.37,63.31,54.10,264.88,97.75,252.74,24.03,14.44,35.00,0.84,2.22,11.83,0.93,2.76,3.86,6.81,6.75,2.05,3.54,126.48,3.58,0.91,2.94,4.39,false
2021-06-13,1602.04,0.01,251.01,795.70,3.01,4.61,55.13,21.79,4.84,13.55,813.05,1055.22,156.87,406.30,2.98,63.88,662.59,1.25,38.40,318.69,0.98,1185.22,2525.12,52.82,1984.16,33.87,185.52,20.67,22.71,57.99,164.85,60.43,229.43,16.67,6.22,25.98,1.13,0.74,4.86,0.63,1.86,2.87,5.04,5.21,1.68,2.62,93.80,2.57,0.75,2.37,3.33,false
2021-06-14,2589.24,11.70,125.50,1629.82,3.79,5.00,52.94,26.03,5.21,16.04,1708.91,2010.92,176.76,375.15,7.62,1261.54,1310.15,1.99,46.69,381.73,3.44,1396.10,4432.16,72.54,3671.31,40.94,324.38,46.71,18.45,128.28,277.67,94.96,316.76,23.03,4.44,45.15,2.00,0.76,2.83,0.74,2.15,3.43,6.06,5.71,1.77,3.18,111.41,3.07,0.80,2.66,4.00,false
2021-06-15,2511.00,36.10,125.50,981.02,1.14,2.01,29.73,6.56,2.75,7.26,245.26,344.29,20.93,783.09,11.30,92.95,632.92,1.23,17.88,252.99,1.65,1014.90,3034.56,130.89,2129.41,4.51,205.87,12.71,31.48,105.62,193.15,117.38,306.47,32.73,16.32,41.55,2.68,6.72,9.18,0.77,2.06,3.26,5.74,5.97,1.94,2.96,105.00,2.99,0.83,2.59,3.84,false
2021-06-16,1926.13,26.50,125.50,604.63,2.92,3.72,41.19,18.67,3.84,12.27,839.60,5458.05,115.57,311.90,1.19,2.04,751.98,0.54,40.06,207.09,0.71,735.07,1151.27,57.94,2971.09,28.44,202.64,20.40,26.66,100.89,182.24,79.39,356.73,2.48,1.16,25.49,0.33,0.35,0.53,0.28,0.60,1.11,2.07,1.77,0.57,1.15,73.41,0.95,0.30,0.90,1.27,false
2021-06-17,1166.99,0.00,125.50,295.85,2.62,3.49,37.81,18.27,3.55,11.56,703.59,855.29,103.57,310.20,0.19,0.87,411.06,0.30,37.05,143.36,0.04,489.44,717.48,9.99,2210.12,26.89,183.15,13.61,0.00,79.98,169.54,37.22,62.71,2.19,0.58,15.40,0.31,0.20,0.19,0.05,0.26,0.44,0.81,0.71,0.22,0.44,43.49,0.36,0.11,0.43,0.56,false
2021-06-18,1128.82,0.00,251.01,485.94,2.69,3.85,41.02,18.84,3.60,12.24,711.68,923.66,103.69,386.70,0.31,1.38,561.74,0.37,36.27,205.72,0.08,619.59,983.56,15.54,2225.41,27.47,166.84,12.11,0.00,69.56,154.73,37.71,77.71,3.41,0.93,17.00,0.49,0.32,0.30,0.08,0.40,0.68,1.26,1.11,0.35,0.68,46.29,0.56,0.17,0.67,0.87,false
2021-06-19,,,,,,,,,,,,,,,,,,,,,,,,,,,,,,,,,,,,,,,,,,,,,,,,,,,,false
2021-06-20,,,,,,,,,,,,,,,,,,,,,,,,,,,,,,,,,,,,,,,,,,,,,,,,,,,,false
2021-06-21,,,,,,,,,,,,,,,,,,,,,,,,,,,,,,,,,,,,,,,,,,,,,,,,,,,,false
2021-06-22,,,,,,,,,,,,,,,,,,,,,,,,,,,,,,,,,,,,,,,,,,,,,,,,,,,,false
2021-06-23,,,,,,,,,,,,,,,,,,,,,,,,,,,,,,,,,,,,,,,,,,,,,,,,,,,,false
2021-06-24,,,,,,,,,,,,,,,,,,,,,,,,,,,,,,,,,,,,,,,,,,,,,,,,,,,,false
2021-06-25,,,,,,,,,,,,,,,,,,,,,,,,,,,,,,,,,,,,,,,,,,,,,,,,,,,,false
2021-06-26,,,,,,,,,,,,,,,,,,,,,,,,,,,,,,,,,,,,,,,,,,,,,,,,,,,,false
2021-06-27,,,,,,,,,,,,,,,,,,,,,,,,,,,,,,,,,,,,,,,,,,,,,,,,,,,,false
2021-06-28,1690.23,26.50,125.50,1037.32,3.64,4.29,46.84,20.05,4.48,13.69,788.29,873.45,195.49,375.69,2.65,45.80,439.77,0.87,37.16,254.10,0.87,954.07,2415.71,60.05,1607.74,34.61,198.43,21.78,11.76,84.89,176.66,55.92,154.61,18.09,3.74,20.84,1.93,0.44,2.48,0.55,1.68,2.25,3.92,4.06,1.22,2.07,64.89,2.12,0.58,1.75,2.65,false
2021-06-29,,,,,,,,,,,,,,,,,,,,,,,,,,,,,,,,,,,,,,,,,,,,,,,,,,,,false
2021-06-30,2195.08,0.00,125.50,667.96,1.97,2.48,22.85,7.22,2.06,7.22,564.40,490.45,21.31,324.62,3.23,35.36,1360.79,0.78,20.40,196.89,1.42,1128.62,1544.57,90.10,3760.09,9.92,256.50,28.21,42.27,71.09,228.30,89.48,203.79,18.47,11.62,35.42,1.70,1.74,8.90,0.66,2.02,3.10,5.69,4.73,1.50,3.14,107.82,2.67,0.91,2.76,3.71,false
2021-07-01,2444.44,0.00,251.01,2187.64,2.81,2.77,23.82,15.36,2.05,5.71,1744.73,1780.62,278.29,311.52,13.17,2446.40,1444.99,2.08,28.06,630.17,5.60,1606.67,6929.10,84.45,3784.83,22.74,293.82,71.28,39.01,106.91,222.53,99.98,472.98,26.36,13.15,36.18,3.38,1.67,10.65,0.82,1.99,3.61,5.97,5.48,1.69,3.30,102.93,3.15,0.77,2.74,3.95,false
2021-07-02,1234.98,0.00,251.01,393.46,0.82,0.79,8.08,1.80,0.34,1.36,56.02,806.58,11.70,138.04,0.83,7.04,671.77,0.19,9.57,252.81,0.30,475.55,1108.60,16.63,1845.23,4.35,166.47,22.92,4.02,55.05,143.55,40.18,181.36,2.72,2.00,12.95,0.33,0.40,1.73,0.08,0.31,0.55,1.01,0.91,0.29,0.55,50.90,0.46,0.14,0.52,0.67,false
2021-07-03,,,,,,,,,,,,,,,,,,,,,,,,,,,,,,,,,,,,,,,,,,,,,,,,,,,,false
2021-07-04,,,,,,,,,,,,,,,,,,,,,,,,,,,,,,,,,,,,,,,,,,,,,,,,,,,,false
2021-07-05,1256.19,0.00,125.50,484.50,1.01,1.23,15.82,4.13,0.85,5.11,156.03,405.17,14.20,249.60,4.03,22.72,1178.38,0.53,9.24,275.58,0.39,1060.47,1377.95,62.14,2793.91,7.95,116.12,25.60,0.16,26.79,90.52,56.51,158.80,19.85,4.68,25.07,1.07,1.63,2.74,0.50,1.66,2.57,4.75,4.61,1.44,2.49,73.55,2.11,0.65,2.36,3.22,false
2021-07-06,,,,,,,,,,,,,,,,,,,,,,,,,,,,,,,,,,,,,,,,,,,,,,,,,,,,false
2021-07-07,,,,,,,,,,,,,,,,,,,,,,,,,,,,,,,,,,,,,,,,,,,,,,,,,,,,false
2021-07-08,,,,,,,,,,,,,,,,,,,,,,,,,,,,,,,,,,,,,,,,,,,,,,,,,,,,false
2021-07-09,,,,,,,,,,,,,,,,,,,,,,,,,,,,,,,,,,,,,,,,,,,,,,,,,,,,false
2021-07-10,,,,,,,,,,,,,,,,,,,,,,,,,,,,,,,,,,,,,,,,,,,,,,,,,,,,false
2021-07-11,,,,,,,,,,,,,,,,,,,,,,,,,,,,,,,,,,,,,,,,,,,,,,,,,,,,false
2021-07-12,,,,,,,,,,,,,,,,,,,,,,,,,,,,,,,,,,,,,,,,,,,,,,,,,,,,false
2021-07-13,,,,,,,,,,,,,,,,,,,,,,,,,,,,,,,,,,,,,,,,,,,,,,,,,,,,false
2021-07-14,,,,,,,,,,,,,,,,,,,,,,,,,,,,,,,,,,,,,,,,,,,,,,,,,,,,false
2021-07-15,,,,,,,,,,,,,,,,,,,,,,,,,,,,,,,,,,,,,,,,,,,,,,,,,,,,false
2021-07-16,,,,,,,,,,,,,,,,,,,,,,,,,,,,,,,,,,,,,,,,,,,,,,,,,,,,false
2021-07-17,,,,,,,,,,,,,,,,,,,,,,,,,,,,,,,,,,,,,,,,,,,,,,,,,,,,false
2021-07-18,,,,,,,,,,,,,,,,,,,,,,,,,,,,,,,,,,,,,,,,,,,,,,,,,,,,false
2021-07-19,,,,,,,,,,,,,,,,,,,,,,,,,,,,,,,,,,,,,,,,,,,,,,,,,,,,false
2021-07-20,,,,,,,,,,,,,,,,,,,,,,,,,,,,,,,,,,,,,,,,,,,,,,,,,,,,false
2021-07-21,,,,,,,,,,,,,,,,,,,,,,,,,,,,,,,,,,,,,,,,,,,,,,,,,,,,false
2021-07-22,,,,,,,,,,,,,,,,,,,,,,,,,,,,,,,,,,,,,,,,,,,,,,,,,,,,false
2021-07-23,,,,,,,,,,,,,,,,,,,,,,,,,,,,,,,,,,,,,,,,,,,,,,,,,,,,false
2021-07-24,,,,,,,,,,,,,,,,,,,,,,,,,,,,,,,,,,,,,,,,,,,,,,,,,,,,false
2021-07-25,,,,,,,,,,,,,,,,,,,,,,,,,,,,,,,,,,,,,,,,,,,,,,,,,,,,false
2021-07-26,,,,,,,,,,,,,,,,,,,,,,,,,,,,,,,,,,,,,,,,,,,,,,,,,,,,false
2021-07-27,,,,,,,,,,,,,,,,,,,,,,,,,,,,,,,,,,,,,,,,,,,,,,,,,,,,false
2021-07-28,,,,,,,,,,,,,,,,,,,,,,,,,,,,,,,,,,,,,,,,,,,,,,,,,,,,false
2021-07-29,,,,,,,,,,,,,,,,,,,,,,,,,,,,,,,,,,,,,,,,,,,,,,,,,,,,false
2021-07-30,,,,,,,,,,,,,,,,,,,,,,,,,,,,,,,,,,,,,,,,,,,,,,,,,,,,false
2021-07-31,,,,,,,,,,,,,,,,,,,,,,,,,,,,,,,,,,,,,,,,,,,,,,,,,,,,false
2021-08-01,,,,,,,,,,,,,,,,,,,,,,,,,,,,,,,,,,,,,,,,,,,,,,,,,,,,false
2021-08-02,,,,,,,,,,,,,,,,,,,,,,,,,,,,,,,,,,,,,,,,,,,,,,,,,,,,false
2021-08-03,,,,,,,,,,,,,,,,,,,,,,,,,,,,,,,,,,,,,,,,,,,,,,,,,,,,false
2021-08-04,,,,,,,,,,,,,,,,,,,,,,,,,,,,,,,,,,,,,,,,,,,,,,,,,,,,false
2021-08-05,,,,,,,,,,,,,,,,,,,,,,,,,,,,,,,,,,,,,,,,,,,,,,,,,,,,false
2021-08-06,,,,,,,,,,,,,,,,,,,,,,,,,,,,,,,,,,,,,,,,,,,,,,,,,,,,false
2021-08-07,,,,,,,,,,,,,,,,,,,,,,,,,,,,,,,,,,,,,,,,,,,,,,,,,,,,false
2021-08-08,,,,,,,,,,,,,,,,,,,,,,,,,,,,,,,,,,,,,,,,,,,,,,,,,,,,false
2021-08-09,,,,,,,,,,,,,,,,,,,,,,,,,,,,,,,,,,,,,,,,,,,,,,,,,,,,false
2021-08-10,,,,,,,,,,,,,,,,,,,,,,,,,,,,,,,,,,,,,,,,,,,,,,,,,,,,false
2021-08-11,,,,,,,,,,,,,,,,,,,,,,,,,,,,,,,,,,,,,,,,,,,,,,,,,,,,false
2021-08-12,,,,,,,,,,,,,,,,,,,,,,,,,,,,,,,,,,,,,,,,,,,,,,,,,,,,false
2021-08-13,,,,,,,,,,,,,,,,,,,,,,,,,,,,,,,,,,,,,,,,,,,,,,,,,,,,false
2021-08-14,,,,,,,,,,,,,,,,,,,,,,,,,,,,,,,,,,,,,,,,,,,,,,,,,,,,false
2021-08-15,,,,,,,,,,,,,,,,,,,,,,,,,,,,,,,,,,,,,,,,,,,,,,,,,,,,false
2021-08-16,,,,,,,,,,,,,,,,,,,,,,,,,,,,,,,,,,,,,,,,,,,,,,,,,,,,false
2021-08-17,,,,,,,,,,,,,,,,,,,,,,,,,,,,,,,,,,,,,,,,,,,,,,,,,,,,false
2021-08-18,,,,,,,,,,,,,,,,,,,,,,,,,,,,,,,,,,,,,,,,,,,,,,,,,,,,false
2021-08-19,,,,,,,,,,,,,,,,,,,,,,,,,,,,,,,,,,,,,,,,,,,,,,,,,,,,false
2021-08-20,,,,,,,,,,,,,,,,,,,,,,,,,,,,,,,,,,,,,,,,,,,,,,,,,,,,false
2021-08-21,,,,,,,,,,,,,,,,,,,,,,,,,,,,,,,,,,,,,,,,,,,,,,,,,,,,false
2021-08-22,,,,,,,,,,,,,,,,,,,,,,,,,,,,,,,,,,,,,,,,,,,,,,,,,,,,false
2021-08-23,,,,,,,,,,,,,,,,,,,,,,,,,,,,,,,,,,,,,,,,,,,,,,,,,,,,false
2021-08-24,,,,,,,,,,,,,,,,,,,,,,,,,,,,,,,,,,,,,,,,,,,,,,,,,,,,false
2021-08-25,,,,,,,,,,,,,,,,,,,,,,,,,,,,,,,,,,,,,,,,,,,,,,,,,,,,false
2021-08-26,325.03,0.00,125.50,295.85,2.62,3.49,37.81,18.27,3.55,11.56,703.59,769.57,103.57,310.20,0.19,0.87,306.28,0.30,31.19,143.36,0.04,489.44,717.48,9.99,417.39,26.89,53.60,8.60,0.00,22.26,45.00,9.74,27.00,2.19,0.58,5.09,0.31,0.20,0.19,0.05,0.26,0.44,0.81,0.71,0.22,0.44,13.75,0.36,0.11,0.43,0.56,false
2021-08-27,,,,,,,,,,,,,,,,,,,,,,,,,,,,,,,,,,,,,,,,,,,,,,,,,,,,false
2021-08-28,,,,,,,,,,,,,,,,,,,,,,,,,,,,,,,,,,,,,,,,,,,,,,,,,,,,false
2021-08-29,,,,,,,,,,,,,,,,,,,,,,,,,,,,,,,,,,,,,,,,,,,,,,,,,,,,false
2021-08-30,,,,,,,,,,,,,,,,,,,,,,,,,,,,,,,,,,,,,,,,,,,,,,,,,,,,false
2021-08-31,,,,,,,,,,,,,,,,,,,,,,,,,,,,,,,,,,,,,,,,,,,,,,,,,,,,false
2021-09-01,,,,,,,,,,,,,,,,,,,,,,,,,,,,,,,,,,,,,,,,,,,,,,,,,,,,false
2021-09-02,,,,,,,,,,,,,,,,,,,,,,,,,,,,,,,,,,,,,,,,,,,,,,,,,,,,false
2021-09-03,243.67,0.00,0.00,0.10,0.23,0.25,1.68,0.60,0.33,0.47,78.00,94.06,0.00,138.05,0.41,0.52,259.44,0.28,4.49,168.40,3.15,282.40,643.18,21.36,178.09,2.00,40.84,13.00,10.73,15.13,27.84,7.01,11.76,0.29,1.02,1.47,0.00,0.08,0.56,0.12,0.13,0.15,0.29,0.19,0.07,0.19,15.88,0.16,0.09,0.14,0.23,false
2021-09-04,,,,,,,,,,,,,,,,,,,,,,,,,,,,,,,,,,,,,,,,,,,,,,,,,,,,false
2021-09-05,,,,,,,,,,,,,,,,,,,,,,,,,,,,,,,,,,,,,,,,,,,,,,,,,,,,false
2021-09-06,,,,,,,,,,,,,,,,,,,,,,,,,,,,,,,,,,,,,,,,,,,,,,,,,,,,false
2021-09-07,,,,,,,,,,,,,,,,,,,,,,,,,,,,,,,,,,,,,,,,,,,,,,,,,,,,false
2021-09-08,,,,,,,,,,,,,,,,,,,,,,,,,,,,,,,,,,,,,,,,,,,,,,,,,,,,false
2021-09-09,,,,,,,,,,,,,,,,,,,,,,,,,,,,,,,,,,,,,,,,,,,,,,,,,,,,false
2021-09-10,,,,,,,,,,,,,,,,,,,,,,,,,,,,,,,,,,,,,,,,,,,,,,,,,,,,false
2021-09-11,,,,,,,,,,,,,,,,,,,,,,,,,,,,,,,,,,,,,,,,,,,,,,,,,,,,false
2021-09-12,,,,,,,,,,,,,,,,,,,,,,,,,,,,,,,,,,,,,,,,,,,,,,,,,,,,false
2021-09-13,,,,,,,,,,,,,,,,,,,,,,,,,,,,,,,,,,,,,,,,,,,,,,,,,,,,false
2021-09-14,,,,,,,,,,,,,,,,,,,,,,,,,,,,,,,,,,,,,,,,,,,,,,,,,,,,false
2021-09-15,,,,,,,,,,,,,,,,,,,,,,,,,,,,,,,,,,,,,,,,,,,,,,,,,,,,false
2021-09-16,,,,,,,,,,,,,,,,,,,,,,,,,,,,,,,,,,,,,,,,,,,,,,,,,,,,false
2021-09-17,,,,,,,,,,,,,,,,,,,,,,,,,,,,,,,,,,,,,,,,,,,,,,,,,,,,false
2021-09-18,377.12,0.00,125.50,396.70,0.51,1.28,6.06,1.88,0.59,2.07,141.78,155.94,0.12,251.46,0.72,1.59,493.72,0.51,7.90,311.12,4.76,697.75,1050.27,47.91,571.92,4.32,73.42,24.77,17.05,27.02,48.66,8.69,20.00,1.99,1.84,3.49,0.18,0.21,1.50,0.43,0.62,1.06,2.02,1.65,0.47,1.01,24.35,1.01,0.40,0.82,1.30,false
2021-09-19,,,,,,,,,,,,,,,,,,,,,,,,,,,,,,,,,,,,,,,,,,,,,,,,,,,,false
2021-09-20,,,,,,,,,,,,,,,,,,,,,,,,,,,,,,,,,,,,,,,,,,,,,,,,,,,,false
2021-09-21,,,,,,,,,,,,,,,,,,,,,,,,,,,,,,,,,,,,,,,,,,,,,,,,,,,,false
2021-09-22,,,,,,,,,,,,,,,,,,,,,,,,,,,,,,,,,,,,,,,,,,,,,,,,,,,,false
2021-09-23,,,,,,,,,,,,,,,,,,,,,,,,,,,,,,,,,,,,,,,,,,,,,,,,,,,,false
2021-09-24,,,,,,,,,,,,,,,,,,,,,,,,,,,,,,,,,,,,,,,,,,,,,,,,,,,,false
2021-09-25,,,,,,,,,,,,,,,,,,,,,,,,,,,,,,,,,,,,,,,,,,,,,,,,,,,,false
2021-09-26,,,,,,,,,,,,,,,,,,,,,,,,,,,,,,,,,,,,,,,,,,,,,,,,,,,,false
2021-09-27,,,,,,,,,,,,,,,,,,,,,,,,,,,,,,,,,,,,,,,,,,,,,,,,,,,,false
2021-09-28,,,,,,,,,,,,,,,,,,,,,,,,,,,,,,,,,,,,,,,,,,,,,,,,,,,,false
2021-09-29,,,,,,,,,,,,,,,,,,,,,,,,,,,,,,,,,,,,,,,,,,,,,,,,,,,,false
2021-09-30,,,,,,,,,,,,,,,,,,,,,,,,,,,,,,,,,,,,,,,,,,,,,,,,,,,,false
2021-10-01,,,,,,,,,,,,,,,,,,,,,,,,,,,,,,,,,,,,,,,,,,,,,,,,,,,,false
2021-10-02,,,,,,,,,,,,,,,,,,,,,,,,,,,,,,,,,,,,,,,,,,,,,,,,,,,,false
2021-10-03,,,,,,,,,,,,,,,,,,,,,,,,,,,,,,,,,,,,,,,,,,,,,,,,,,,,false
2021-10-04,,,,,,,,,,,,,,,,,,,,,,,,,,,,,,,,,,,,,,,,,,,,,,,,,,,,false
2021-10-05,,,,,,,,,,,,,,,,,,,,,,,,,,,,,,,,,,,,,,,,,,,,,,,,,,,,false
2021-10-06,,,,,,,,,,,,,,,,,,,,,,,,,,,,,,,,,,,,,,,,,,,,,,,,,,,,false
2021-10-07,,,,,,,,,,,,,,,,,,,,,,,,,,,,,,,,,,,,,,,,,,,,,,,,,,,,false
2021-10-08,,,,,,,,,,,,,,,,,,,,,,,,,,,,,,,,,,,,,,,,,,,,,,,,,,,,false
2021-10-10,,,,,,,,,,,,,,,,,,,,,,,,,,,,,,,,,,,,,,,,,,,,,,,,,,,,false
2021-10-11,,,,,,,,,,,,,,,,,,,,,,,,,,,,,,,,,,,,,,,,,,,,,,,,,,,,false
2021-10-12,1647.99,0.00,251.01,895.62,0.74,1.64,12.64,4.58,1.86,2.39,264.23,1963.00,65.89,310.37,3.50,17.66,1033.25,1.27,10.67,454.35,6.07,1100.84,3078.54,51.16,2960.68,7.02,229.01,43.02,49.06,75.70,185.99,59.69,161.05,12.95,4.96,27.47,1.31,0.62,2.61,0.47,1.39,2.12,3.63,3.09,0.90,2.26,72.70,1.73,0.58,1.66,2.51,false
2021-10-13,2229.22,0.00,1.86,450.48,1.84,2.00,15.01,3.28,1.47,2.86,444.22,2136.64,74.52,170.27,5.40,34.99,1026.49,1.33,25.36,412.61,5.87,1231.89,2896.16,50.40,5210.38,8.65,317.99,58.65,58.14,95.98,259.34,84.49,98.55,13.43,5.31,38.62,1.05,1.02,3.19,0.60,1.51,2.66,4.62,3.38,1.02,2.82,77.16,2.13,0.83,1.90,3.20,false
2021-10-14,3774.29,36.39,125.50,716.54,1.71,2.01,16.39,2.28,1.12,3.05,416.89,742.68,42.42,224.39,3.59,30.02,1085.90,1.03,43.91,432.69,5.17,1006.65,2579.03,46.24,7091.96,6.94,469.56,56.37,44.51,214.76,413.19,144.09,197.22,7.71,4.23,55.60,0.62,0.95,2.46,0.40,0.95,1.63,3.00,2.04,0.64,1.84,124.52,1.38,0.54,1.19,2.09,false
2021-10-15,1579.75,0.00,376.51,877.23,1.91,2.94,35.03,6.13,2.06,8.29,424.53,374.78,0.36,773.38,6.05,4.90,975.45,1.20,13.52,484.33,4.33,1521.88,2543.34,163.19,2829.30,8.22,152.00,22.19,70.94,51.56,129.81,73.54,275.46,11.87,8.04,36.05,0.98,3.61,3.82,0.99,2.19,3.57,6.39,5.61,1.95,3.51,93.58,3.18,1.03,2.80,4.22,false
2021-10-16,1687.60,18.36,251.01,526.01,0.47,1.29,13.42,2.45,0.81,4.55,130.90,345.20,0.24,302.91,1.18,4.19,791.21,0.55,13.55,334.33,3.53,850.14,1691.86,58.05,3104.21,9.41,163.73,23.36,4.60,46.95,140.37,70.96,283.49,12.99,2.61,33.22,1.69,0.36,1.74,0.42,1.25,1.86,3.32,2.96,0.99,1.77,89.90,1.65,0.45,1.54,2.23,false
2021-10-17,2818.76,0.00,379.04,945.40,2.52,3.02,35.11,7.45,2.32,4.16,523.87,680.23,28.54,389.11,6.82,46.07,1407.46,1.64,16.41,578.25,5.11,1559.86,3811.79,124.85,4436.54,9.94,371.52,35.90,150.45,145.02,335.62,109.65,312.95,26.71,21.75,41.90,2.11,2.93,17.83,1.15,2.27,3.92,6.49,5.10,1.87,3.88,111.42,3.29,1.22,3.07,4.48,false
2021-10-18,2903.45,0.01,125.50,282.77,0.73,1.14,12.06,1.81,0.78,1.91,211.83,288.38,2.02,231.53,1.11,21.47,694.01,0.46,8.13,279.55,3.76,824.85,1281.82,63.45,3876.89,5.38,280.24,31.04,26.79,119.70,249.20,143.77,396.97,6.09,2.92,67.06,4.08,0.33,2.20,0.33,0.66,1.13,1.98,1.21,0.52,1.17,107.33,1.00,0.45,0.97,1.40,false
2021-10-19,678.37,0.00,0.00,76.59,0.99,1.05,11.23,1.83,1.09,1.62,312.50,198.78,0.00,293.03,1.27,2.24,601.27,0.69,13.75,386.70,6.97,925.90,1661.60,77.91,1817.07,6.43,123.21,39.64,35.73,30.13,83.57,21.37,59.10,3.92,3.24,7.01,0.36,0.24,2.80,0.42,0.62,0.92,1.66,0.90,0.41,1.03,34.39,0.88,0.42,0.74,1.19,false
2021-10-20,1462.37,0.00,251.01,728.78,1.06,1.85,35.05,4.23,2.08,3.30,267.68,457.20,107.55,319.61,1.93,14.22,1208.95,0.73,13.79,405.07,3.99,1404.93,2230.51,112.54,3043.09,8.76,159.25,26.00,31.15,40.64,133.25,53.52,257.20,13.78,6.23,24.27,1.27,0.62,3.83,1.01,2.37,4.11,6.38,5.83,2.05,3.62,103.72,3.42,1.18,3.01,4.35,false
2021-10-21,1570.85,0.00,251.01,788.42,0.68,1.53,37.22,4.55,2.34,3.11,152.68,486.56,161.21,313.10,1.93,18.80,1261.78,0.71,12.77,394.60,3.59,1303.56,2239.95,101.05,2485.22,8.02,154.02,21.29,10.75,43.32,132.74,56.00,293.92,14.27,6.42,24.87,1.19,0.63,3.16,1.15,2.87,4.94,7.42,7.50,2.52,4.13,124.22,4.07,1.30,3.52,5.04,false
2021-10-22,1719.04,0.00,251.01,653.96,1.94,1.87,31.41,3.57,1.71,3.46,559.57,430.06,124.26,304.47,6.42,31.30,1024.15,0.80,14.29,380.15,3.56,1134.17,2052.77,97.20,2085.68,6.73,193.19,24.60,12.22,42.04,168.60,66.01,294.44,27.85,7.32,20.51,0.83,0.84,4.63,0.84,1.96,3.45,5.52,5.59,1.83,3.03,103.84,2.89,0.92,2.60,3.62,false
2021-10-23,1954.96,18.94,125.50,495.03,2.86,2.21,25.98,3.02,1.57,2.76,812.89,404.11,53.92,229.68,6.61,25.14,865.48,0.95,16.64,367.90,4.55,1119.68,2104.36,119.28,2649.82,7.33,243.87,26.82,84.90,50.03,217.05,65.21,232.67,26.52,7.32,20.52,0.89,0.81,5.53,0.73,1.20,2.08,3.75,2.80,1.04,2.23,84.03,1.76,0.70,1.60,2.41,false
2021-10-24,1651.87,0.00,251.01,669.65,1.89,2.69,34.86,7.15,2.47,6.09,506.20,392.11,40.20,720.65,9.14,39.87,979.11,1.40,13.31,464.88,4.40,1417.20,3461.83,147.80,2222.55,8.58,151.14,26.93,72.80,42.33,124.21,81.37,228.51,25.76,10.96,27.48,0.77,3.88,6.11,0.93,1.89,3.14,5.55,4.78,1.69,3.09,94.50,2.79,0.95,2.38,3.69,false
2021-10-25,2319.13,18.23,251.01,578.51,1.37,1.94,19.49,3.17,1.30,2.66,356.25,624.53,19.50,380.58,1.69,4.85,1252.91,0.74,19.27,392.97,4.31,1106.50,2231.98,94.37,4399.01,7.27,301.73,27.53,74.58,82.13,274.20,76.05,223.87,9.96,4.52,27.95,1.23,0.55,2.98,0.56,1.09,1.83,3.23,1.99,0.83,1.96,96.97,1.54,0.68,1.48,2.23,false
2021-10-26,1865.13,0.00,125.50,304.25,1.10,1.42,19.28,3.08,1.01,2.36,266.74,170.84,0.12,227.30,1.14,3.53,545.41,0.64,11.06,295.46,3.79,770.29,1340.81,86.61,3702.69,7.62,146.68,17.25,54.96,28.13,129.43,85.35,390.07,7.65,6.23,30.75,0.47,0.53,5.06,0.80,1.57,2.34,4.11,3.97,1.35,2.28,138.82,2.10,0.68,1.74,2.53,false
2021-10-27,1370.33,23.32,0.00,301.84,1.91,1.61,17.11,2.41,1.03,1.63,479.59,104.40,3.50,191.23,1.07,3.95,370.84,0.80,16.92,325.39,5.52,759.58,1341.80,107.97,3146.06,7.11,170.96,20.77,110.72,24.69,150.18,32.96,173.42,2.63,4.16,13.13,0.06,0.29,3.34,0.81,1.06,1.47,2.97,2.19,0.84,1.82,72.91,1.39,0.54,1.05,1.73,false
2021-10-28,2056.04,16.81,0.00,123.13,1.12,1.15,20.20,2.43,1.22,1.42,286.24,565.69,33.31,270.96,1.66,8.41,711.81,0.68,20.77,297.58,4.64,865.22,1589.05,90.37,3682.33,6.22,280.05,28.62,57.64,56.26,251.43,57.29,206.40,7.15,4.08,14.97,0.49,0.32,2.96,0.83,1.55,2.65,4.09,3.56,1.30,2.36,96.18,2.18,0.79,1.81,2.77,false
2021-10-29,2061.49,0.00,376.51,805.80,2.85,3.28,39.56,5.23,1.86,6.10,774.91,617.03,67.30,442.69,7.36,31.84,1246.61,1.24,18.63,541.84,4.98,1651.16,2644.72,163.86,2319.59,12.67,225.74,26.94,63.55,49.67,198.80,84.34,406.85,34.22,10.06,29.94,1.51,1.14,7.39,1.21,2.67,4.24,7.78,7.26,2.48,4.21,118.23,3.90,1.35,3.55,4.75,false
2021-10-30,2278.41,51.94,301.21,1493.95,2.47,3.54,35.92,7.72,2.69,7.56,752.04,690.43,28.41,850.84,10.82,105.24,1509.91,1.64,18.65,624.63,6.89,1818.45,4110.22,167.68,2276.72,11.57,227.32,29.12,94.62,80.21,198.20,74.65,239.85,17.10,9.46,31.99,0.79,3.71,4.72,1.13,2.39,3.76,6.85,6.09,2.04,3.84,101.74,3.31,1.08,3.03,4.56,false
2021-10-31,2041.07,27.56,251.01,835.83,2.62,3.03,22.31,5.27,1.30,4.88,782.86,520.03,43.77,449.41,10.02,34.03,730.80,0.92,18.29,449.11,5.07,1281.36,2132.20,148.71,1819.20,7.96,203.66,24.34,54.70,37.93,179.32,87.09,834.51,40.60,10.06,23.14,0.44,0.99,8.06,1.11,1.49,2.89,4.99,4.23,1.58,2.97,78.65,2.49,0.77,2.26,3.32,false
2021-11-01,2225.24,0.00,125.50,550.13,1.04,1.40,32.46,3.93,2.11,2.34,256.34,450.36,134.26,235.77,1.83,15.97,1309.66,0.75,20.28,376.63,4.63,1180.20,1820.96,106.57,5531.62,7.75,218.96,27.13,39.97,34.26,191.83,86.01,413.63,11.41,6.06,38.64,0.88,0.52,3.26,1.13,2.48,4.24,6.42,6.24,2.14,3.65,160.96,3.49,1.15,2.94,4.35,false
2021-11-02,1826.57,0.00,251.01,614.08,1.22,1.70,27.42,3.71,1.57,2.58,295.93,673.49,80.72,304.92,1.57,10.93,1789.30,0.77,13.93,414.76,4.71,1088.22,1767.27,97.83,3717.15,7.03,161.91,21.03,53.23,37.34,140.88,80.70,352.96,8.90,5.09,40.56,0.77,0.54,2.81,0.90,1.87,3.17,4.99,4.55,1.58,2.89,126.81,2.61,0.89,2.27,3.39,false
2021-11-03,1899.00,0.00,125.50,603.60,1.62,1.93,37.74,4.68,2.54,2.52,409.35,390.47,101.05,241.95,2.39,15.67,1037.51,0.97,16.93,440.90,5.35,1402.54,2370.33,133.46,2514.44,9.41,262.69,25.78,81.69,107.57,236.91,55.76,259.93,14.99,6.82,25.41,1.20,0.70,4.22,1.37,3.04,5.07,7.79,7.30,2.49,4.46,112.23,3.99,1.32,3.45,5.25,false
2021-11-04,1847.71,18.94,125.50,269.42,0.78,1.34,8.03,1.67,0.56,1.59,206.29,196.64,0.12,226.19,0.84,2.54,740.20,0.53,12.95,305.73,4.92,721.19,1006.54,53.91,2907.23,5.19,214.49,24.32,37.74,47.32,190.18,66.97,97.74,5.29,2.45,28.70,0.47,0.35,1.33,0.35,0.77,1.25,2.13,1.61,0.56,1.26,82.86,0.90,0.36,0.99,1.48,false
2021-11-05,2289.14,0.00,251.01,675.85,3.78,2.80,30.15,3.55,1.30,3.45,1223.61,471.67,87.27,298.95,11.48,113.77,734.28,1.35,22.21,462.24,5.30,1169.92,2301.21,131.66,2969.17,7.77,333.32,32.64,75.34,105.14,300.69,79.30,297.55,36.17,8.80,22.63,0.91,1.07,6.45,0.85,1.31,2.32,4.26,3.65,1.22,2.47,94.17,2.00,0.69,1.81,2.71,false
2021-11-06,1696.15,0.00,251.01,615.16,1.98,1.94,20.18,2.91,1.13,2.93,733.43,628.23,44.52,302.29,7.23,95.36,1532.61,1.16,14.84,457.84,6.08,1179.58,1944.31,102.10,2391.36,7.77,176.54,29.79,36.34,39.16,146.76,74.81,283.45,20.59,6.42,30.24,0.62,0.90,4.39,0.57,1.20,2.03,3.56,3.06,1.01,2.03,97.15,1.66,0.60,1.69,2.43,false
2021-11-07,4209.14,35.22,128.70,402.65,0.77,1.75,11.19,3.64,1.49,3.31,259.18,906.04,15.85,328.50,2.83,8.31,1790.20,1.38,22.46,440.47,6.30,1503.41,1911.62,80.63,5793.88,9.71,368.55,28.29,45.92,168.08,340.26,204.12,596.59,17.84,5.84,100.88,1.58,0.81,3.83,0.63,2.02,3.11,5.49,4.53,1.48,3.22,182.00,2.30,0.88,2.82,3.87,false
2021-11-08,2904.74,0.00,251.01,566.99,1.22,2.13,24.53,5.18,1.95,5.07,330.10,758.64,0.45,555.00,4.44,7.37,1727.82,1.56,15.06,509.07,7.66,1591.29,2269.36,148.67,7137.62,9.66,195.01,28.91,65.92,51.10,166.09,122.71,459.30,13.78,8.79,60.46,1.12,2.83,4.91,0.86,2.12,3.24,5.94,5.18,1.80,3.38,182.19,2.77,1.00,2.93,4.15,false
2021-11-09,2987.53,13.90,125.50,593.04,0.80,1.04,13.63,1.96,1.02,1.46,240.38,539.10,8.10,328.35,1.23,4.16,1769.07,0.86,18.16,392.84,6.66,983.24,2411.26,89.33,4200.12,6.41,302.95,36.62,54.37,105.70,266.33,144.31,246.32,5.43,4.82,56.06,0.41,0.61,3.56,0.48,0.87,1.40,2.39,1.69,0.63,1.48,114.57,1.08,0.45,1.13,1.70,false
2021-11-10,1583.41,0.00,251.01,766.69,1.20,2.17,22.71,3.91,1.61,4.72,304.62,317.49,31.09,223.12,2.85,15.23,913.08,0.97,13.25,278.27,0.92,1034.82,2095.18,84.45,2837.67,10.11,134.56,23.54,54.32,27.37,111.02,76.65,277.54,18.31,5.85,28.78,0.76,0.53,4.37,0.80,1.88,2.70,5.61,5.47,1.73,2.80,102.44,2.77,0.89,2.34,3.28,false
2021-11-11,2615.19,0.00,251.01,1193.18,1.03,2.92,29.86,6.89,2.60,8.37,276.16,938.79,55.20,285.44,5.56,26.01,1389.53,1.00,14.09,375.20,0.78,1661.96,3734.89,113.96,2046.50,16.35,222.80,29.78,37.88,110.59,193.01,140.25,761.54,40.08,10.50,64.85,2.33,1.57,7.45,1.05,2.84,3.91,8.16,8.72,2.66,3.96,132.10,4.18,1.29,3.57,4.51,false
2021-11-12,922.86,0.00,125.50,526.08,0.60,1.35,15.87,2.70,1.45,4.09,175.77,135.01,33.22,140.67,1.78,10.43,670.18,0.49,8.66,192.36,0.39,737.82,1725.13,54.91,1021.73,8.88,92.83,26.28,18.94,16.10,66.55,40.01,201.43,11.25,4.22,12.07,0.30,0.33,3.04,0.55,1.37,1.85,3.97,4.31,1.29,1.88,66.37,2.06,0.66,1.67,2.12,false
2021-11-13,,,,,,,,,,,,,,,,,,,,,,,,,,,,,,,,,,,,,,,,,,,,,,,,,,,,false
2021-11-14,,,,,,,,,,,,,,,,,,,,,,,,,,,,,,,,,,,,,,,,,,,,,,,,,,,,false
2021-11-15,1910.81,0.00,251.01,730.69,2.16,3.51,19.48,5.22,1.15,5.73,598.07,707.62,11.57,378.05,3.61,9.44,1927.32,0.55,17.49,301.02,1.41,1600.29,1456.61,156.81,3498.87,12.48,189.32,27.63,97.31,34.70,161.70,84.99,850.04,24.55,8.08,39.27,1.32,1.22,5.36,1.40,2.62,5.00,8.31,6.55,2.32,4.80,115.99,3.72,1.26,3.65,5.58,false
2021-11-16,1077.34,0.00,251.01,531.54,1.32,1.92,14.48,2.17,0.78,3.24,338.88,315.48,11.49,210.63,0.65,3.48,1302.00,0.35,11.00,233.67,0.78,903.64,1061.21,64.55,2138.92,7.64,132.91,25.41,53.08,25.69,107.50,39.93,135.71,8.61,2.94,20.28,0.83,0.47,1.32,0.57,1.32,2.44,4.21,3.34,1.06,2.29,67.17,1.80,0.66,1.79,2.74,false
2021-11-17,2208.38,0.00,251.01,836.45,0.82,1.97,22.42,4.54,1.55,4.13,185.09,376.82,14.47,222.89,4.61,5.82,1660.58,0.51,23.45,320.56,1.47,1300.27,2065.47,68.13,3355.73,10.66,269.43,34.70,48.25,35.38,234.73,80.67,287.01,22.82,7.89,26.81,0.96,0.80,2.75,0.41,1.27,2.31,3.99,3.31,1.02,2.13,126.49,1.74,0.60,1.87,2.64,false
2021-11-18,1828.51,0.00,125.50,651.78,0.77,1.64,21.55,4.14,1.58,3.42,192.46,298.52,14.56,145.29,5.27,5.19,1328.40,0.52,14.43,286.18,1.75,1207.69,1918.62,63.68,2069.30,10.46,217.33,32.73,48.99,59.51,184.61,69.86,263.27,25.35,9.07,22.40,0.75,0.68,4.18,0.43,1.18,2.13,3.67,2.95,0.91,2.02,109.46,1.63,0.56,1.73,2.41,false
2021-11-19,1993.19,0.00,125.50,326.95,0.90,1.29,8.85,1.33,0.66,2.44,243.14,265.62,18.65,398.03,1.16,5.35,1134.94,0.21,16.07,151.46,0.46,654.73,1514.35,42.56,4672.44,6.09,246.40,38.71,30.96,43.84,207.69,78.12,186.26,8.61,3.24,25.86,0.56,0.68,1.58,0.41,0.94,1.78,3.07,2.49,0.76,1.61,93.73,1.33,0.49,1.28,1.97,false
2021-11-20,2057.75,0.00,251.01,760.48,1.16,1.83,31.42,3.67,1.94,3.56,281.18,356.95,118.80,211.03,1.25,13.02,1351.43,0.45,18.48,267.77,0.73,1069.78,1659.81,86.55,5369.30,8.40,221.28,33.83,30.97,32.39,187.45,74.37,356.91,10.43,5.07,32.44,0.92,0.49,2.37,1.03,2.29,4.13,6.50,6.21,2.03,3.52,150.51,3.44,1.13,2.86,4.26,false
2021-11-21,1862.21,0.00,251.01,761.60,1.16,1.83,31.42,3.68,1.94,3.57,281.40,405.48,118.80,211.76,1.41,13.51,1313.35,0.45,17.77,267.91,0.73,1071.49,1661.51,86.62,3725.39,8.41,220.75,33.83,30.97,31.86,186.91,64.44,280.34,11.92,5.29,28.66,1.15,0.51,2.52,1.03,2.29,4.13,6.50,6.22,2.03,3.52,122.57,3.44,1.13,2.87,4.26,false
2021-11-22,1282.82,0.00,125.50,478.64,2.00,2.60,15.66,4.34,0.98,4.01,550.06,502.24,11.37,274.78,2.79,3.75,785.47,0.43,15.00,200.51,1.30,886.37,1073.80,129.70,1907.34,7.90,170.09,27.39,92.88,22.50,142.70,46.93,714.61,12.93,5.81,18.94,0.77,0.42,4.47,1.19,1.34,2.76,4.76,3.49,1.35,2.84,64.14,2.36,0.78,1.86,3.11,false
2021-11-23,,,,,,,,,,,,,,,,,,,,,,,,,,,,,,,,,,,,,,,,,,,,,,,,,,,,false
2021-11-24,,,,,,,,,,,,,,,,,,,,,,,,,,,,,,,,,,,,,,,,,,,,,,,,,,,,false
2021-11-25,,,,,,,,,,,,,,,,,,,,,,,,,,,,,,,,,,,,,,,,,,,,,,,,,,,,false
2021-11-26,,,,,,,,,,,,,,,,,,,,,,,,,,,,,,,,,,,,,,,,,,,,,,,,,,,,false
2021-11-27,,,,,,,,,,,,,,,,,,,,,,,,,,,,,,,,,,,,,,,,,,,,,,,,,,,,false
2021-11-28,,,,,,,,,,,,,,,,,,,,,,,,,,,,,,,,,,,,,,,,,,,,,,,,,,,,false
2021-11-29,,,,,,,,,,,,,,,,,,,,,,,,,,,,,,,,,,,,,,,,,,,,,,,,,,,,false
2021-11-30,1138.05,0.00,251.01,484.37,1.08,1.50,18.78,2.46,0.89,2.13,259.13,231.11,0.32,296.15,1.70,5.31,662.53,0.58,8.82,339.87,3.78,854.42,1605.82,70.72,2148.78,4.96,113.87,17.36,52.75,38.66,96.51,49.72,83.41,6.76,4.60,24.96,0.39,0.81,3.08,0.40,0.62,1.00,1.84,1.26,0.47,1.14,71.24,0.83,0.32,0.79,1.25,false
2021-12-01,,,,,,,,,,,,,,,,,,,,,,,,,,,,,,,,,,,,,,,,,,,,,,,,,,,,false
2021-12-02,,,,,,,,,,,,,,,,,,,,,,,,,,,,,,,,,,,,,,,,,,,,,,,,,,,,false
2021-12-03,,,,,,,,,,,,,,,,,,,,,,,,,,,,,,,,,,,,,,,,,,,,,,,,,,,,false
2021-12-04,,,,,,,,,,,,,,,,,,,,,,,,,,,,,,,,,,,,,,,,,,,,,,,,,,,,false
2021-12-05,,,,,,,,,,,,,,,,,,,,,,,,,,,,,,,,,,,,,,,,,,,,,,,,,,,,false
2021-12-06,,,,,,,,,,,,,,,,,,,,,,,,,,,,,,,,,,,,,,,,,,,,,,,,,,,,false
2021-12-07,,,,,,,,,,,,,,,,,,,,,,,,,,,,,,,,,,,,,,,,,,,,,,,,,,,,false
2021-12-08,,,,,,,,,,,,,,,,,,,,,,,,,,,,,,,,,,,,,,,,,,,,,,,,,,,,false
2021-12-09,,,,,,,,,,,,,,,,,,,,,,,,,,,,,,,,,,,,,,,,,,,,,,,,,,,,false
2021-12-10,,,,,,,,,,,,,,,,,,,,,,,,,,,,,,,,,,,,,,,,,,,,,,,,,,,,false
2021-12-11,,,,,,,,,,,,,,,,,,,,,,,,,,,,,,,,,,,,,,,,,,,,,,,,,,,,false
2021-12-12,,,,,,,,,,,,,,,,,,,,,,,,,,,,,,,,,,,,,,,,,,,,,,,,,,,,false
2021-12-13,,,,,,,,,,,,,,,,,,,,,,,,,,,,,,,,,,,,,,,,,,,,,,,,,,,,false
2021-12-14,,,,,,,,,,,,,,,,,,,,,,,,,,,,,,,,,,,,,,,,,,,,,,,,,,,,false
2021-12-15,,,,,,,,,,,,,,,,,,,,,,,,,,,,,,,,,,,,,,,,,,,,,,,,,,,,false
2021-12-16,,,,,,,,,,,,,,,,,,,,,,,,,,,,,,,,,,,,,,,,,,,,,,,,,,,,false
2021-12-17,,,,,,,,,,,,,,,,,,,,,,,,,,,,,,,,,,,,,,,,,,,,,,,,,,,,false
2021-12-18,,,,,,,,,,,,,,,,,,,,,,,,,,,,,,,,,,,,,,,,,,,,,,,,,,,,false
2021-12-19,,,,,,,,,,,,,,,,,,,,,,,,,,,,,,,,,,,,,,,,,,,,,,,,,,,,false
2021-12-20,,,,,,,,,,,,,,,,,,,,,,,,,,,,,,,,,,,,,,,,,,,,,,,,,,,,false
2021-12-21,,,,,,,,,,,,,,,,,,,,,,,,,,,,,,,,,,,,,,,,,,,,,,,,,,,,false
2021-12-22,,,,,,,,,,,,,,,,,,,,,,,,,,,,,,,,,,,,,,,,,,,,,,,,,,,,false
2021-12-23,,,,,,,,,,,,,,,,,,,,,,,,,,,,,,,,,,,,,,,,,,,,,,,,,,,,false
2021-12-24,,,,,,,,,,,,,,,,,,,,,,,,,,,,,,,,,,,,,,,,,,,,,,,,,,,,false
2021-12-25,,,,,,,,,,,,,,,,,,,,,,,,,,,,,,,,,,,,,,,,,,,,,,,,,,,,false
2021-12-26,,,,,,,,,,,,,,,,,,,,,,,,,,,,,,,,,,,,,,,,,,,,,,,,,,,,false
2021-12-27,,,,,,,,,,,,,,,,,,,,,,,,,,,,,,,,,,,,,,,,,,,,,,,,,,,,false
2021-12-28,,,,,,,,,,,,,,,,,,,,,,,,,,,,,,,,,,,,,,,,,,,,,,,,,,,,false
2021-12-29,,,,,,,,,,,,,,,,,,,,,,,,,,,,,,,,,,,,,,,,,,,,,,,,,,,,false
2021-12-30,,,,,,,,,,,,,,,,,,,,,,,,,,,,,,,,,,,,,,,,,,,,,,,,,,,,false
2021-12-31,,,,,,,,,,,,,,,,,,,,,,,,,,,,,,,,,,,,,,,,,,,,,,,,,,,,false
2022-01-01,,,,,,,,,,,,,,,,,,,,,,,,,,,,,,,,,,,,,,,,,,,,,,,,,,,,false
2022-01-02,,,,,,,,,,,,,,,,,,,,,,,,,,,,,,,,,,,,,,,,,,,,,,,,,,,,false
2022-01-03,,,,,,,,,,,,,,,,,,,,,,,,,,,,,,,,,,,,,,,,,,,,,,,,,,,,false
2022-01-04,,,,,,,,,,,,,,,,,,,,,,,,,,,,,,,,,,,,,,,,,,,,,,,,,,,,false
2022-01-05,,,,,,,,,,,,,,,,,,,,,,,,,,,,,,,,,,,,,,,,,,,,,,,,,,,,false
2022-01-06,,,,,,,,,,,,,,,,,,,,,,,,,,,,,,,,,,,,,,,,,,,,,,,,,,,,false
2022-01-07,,,,,,,,,,,,,,,,,,,,,,,,,,,,,,,,,,,,,,,,,,,,,,,,,,,,false
2022-01-08,,,,,,,,,,,,,,,,,,,,,,,,,,,,,,,,,,,,,,,,,,,,,,,,,,,,false
2022-01-09,,,,,,,,,,,,,,,,,,,,,,,,,,,,,,,,,,,,,,,,,,,,,,,,,,,,false
2022-01-10,437.33,0.00,251.01,380.29,0.37,0.97,8.11,1.75,0.44,1.82,94.18,230.81,0.24,291.05,0.63,1.54,600.81,0.42,4.73,293.12,3.22,542.69,1175.34,32.46,323.67,3.17,57.21,13.00,10.73,30.28,44.21,16.97,41.76,2.73,1.71,7.17,0.35,0.30,0.77,0.17,0.42,0.64,1.19,0.98,0.32,0.68,25.47,0.56,0.21,0.61,0.85,false
2022-01-11,,,,,,,,,,,,,,,,,,,,,,,,,,,,,,,,,,,,,,,,,,,,,,,,,,,,false
2022-01-12,,,,,,,,,,,,,,,,,,,,,,,,,,,,,,,,,,,,,,,,,,,,,,,,,,,,false
2022-01-13,,,,,,,,,,,,,,,,,,,,,,,,,,,,,,,,,,,,,,,,,,,,,,,,,,,,false
2022-01-14,,,,,,,,,,,,,,,,,,,,,,,,,,,,,,,,,,,,,,,,,,,,,,,,,,,,false
2022-01-15,,,,,,,,,,,,,,,,,,,,,,,,,,,,,,,,,,,,,,,,,,,,,,,,,,,,false
2022-01-16,,,,,,,,,,,,,,,,,,,,,,,,,,,,,,,,,,,,,,,,,,,,,,,,,,,,false
2022-01-17,243.67,0.00,0.00,0.10,0.23,0.25,1.68,0.60,0.33,0.47,78.00,94.06,0.00,138.05,0.41,0.52,259.44,0.28,4.49,168.40,3.15,282.40,643.18,21.36,178.09,2.00,40.84,13.00,10.73,15.13,27.84,7.01,11.76,0.29,1.02,1.47,0.00,0.08,0.56,0.12,0.13,0.15,0.29,0.19,0.07,0.19,15.88,0.16,0.09,0.14,0.23,false
2022-01-18,2793.45,0.00,128.03,797.71,1.70,2.13,41.97,7.60,3.30,3.61,320.68,759.22,135.62,247.75,7.20,55.69,1497.95,1.52,15.21,477.18,4.44,1674.72,3819.15,124.31,3682.98,10.67,339.50,32.62,103.53,121.92,306.87,104.17,361.55,31.56,23.34,37.07,2.31,2.86,18.04,1.45,3.33,5.83,8.88,8.27,2.90,5.09,140.45,4.84,1.68,4.29,6.12,false
2022-01-19,2608.69,0.00,251.01,967.01,2.27,3.08,37.38,8.19,2.58,7.14,274.59,1091.91,177.60,571.77,5.03,16.80,1590.19,0.94,14.85,439.02,3.61,2060.12,3065.97,212.18,4546.69,14.70,195.23,23.56,10.74,57.91,171.67,132.66,1092.06,40.60,14.15,58.73,2.28,1.09,8.39,1.85,4.34,6.99,11.18,10.66,3.76,6.20,171.88,6.19,1.94,5.29,7.47,false
2022-01-20,2161.72,0.00,127.74,550.18,0.67,1.33,7.43,3.07,0.70,3.64,151.64,371.48,12.70,463.53,2.39,7.58,1038.70,0.88,11.48,359.86,4.40,981.14,1867.94,55.93,4004.38,5.86,300.84,31.20,26.72,101.78,269.64,72.09,138.08,8.62,4.76,28.96,0.52,0.63,3.45,0.40,0.89,1.48,2.67,2.22,0.75,1.56,82.38,1.30,0.41,1.36,1.84,false
2022-01-21,2118.29,0.00,126.46,398.00,1.47,2.18,11.89,5.03,1.05,5.29,196.26,622.00,1.74,471.44,3.50,3.54,996.90,0.68,10.07,311.98,3.67,1344.51,1729.64,141.71,4494.46,9.85,206.80,19.18,13.99,44.43,187.61,97.09,810.42,23.35,9.27,36.50,0.85,0.63,5.75,1.06,2.14,3.45,5.84,5.04,1.87,3.30,110.63,3.18,1.02,2.81,3.91,false
2022-01-22,1745.88,0.00,251.01,907.45,0.86,3.41,19.86,8.81,1.18,4.69,293.63,1054.65,16.37,469.59,4.08,34.80,1635.19,1.53,12.56,386.10,3.82,1555.71,2722.20,134.39,7630.13,10.09,141.09,19.84,18.89,45.61,121.24,99.43,707.30,25.60,7.68,51.12,2.60,0.72,4.55,0.76,1.60,3.11,5.15,3.70,1.54,3.03,90.88,2.84,1.10,2.65,4.11,false
2022-01-23,1744.47,0.00,125.50,844.57,0.78,3.00,7.28,6.84,1.36,5.96,368.87,1315.25,30.59,612.89,6.08,347.42,1557.61,1.09,14.67,391.77,4.20,1565.08,2599.09,130.28,2132.29,9.72,150.25,18.72,22.54,72.50,131.53,91.54,1051.52,26.53,7.75,41.27,1.49,0.83,5.26,1.06,1.91,3.74,6.34,5.03,2.00,3.65,90.65,3.27,1.07,3.19,4.61,false
2022-01-24,2264.71,0.00,125.50,803.46,0.88,1.82,9.30,5.05,1.62,2.58,337.41,1556.24,61.64,327.41,6.63,357.36,838.37,1.61,13.39,433.19,4.74,1084.61,2986.93,66.49,3347.13,6.27,228.23,32.27,37.20,42.41,195.96,106.90,501.60,22.26,5.30,42.14,1.19,0.57,3.76,0.62,1.29,2.26,4.07,3.35,1.26,2.24,117.73,2.00,0.62,1.95,3.09,false
2022-01-25,1909.67,0.00,125.50,708.21,0.78,3.07,16.63,8.19,1.12,4.06,288.31,1071.70,16.25,382.12,4.43,39.38,1619.19,1.46,13.90,325.00,3.79,1470.41,2429.70,133.15,8198.00,9.95,158.33,20.84,18.89,38.89,137.49,109.72,719.40,28.55,9.54,56.07,2.81,0.78,5.86,0.74,1.52,3.00,4.90,3.38,1.47,2.90,92.63,2.76,1.11,2.53,3.96,false
2022-01-26,1739.92,0.00,251.01,601.35,2.18,1.96,19.36,2.40,0.72,2.36,350.96,641.39,10.52,307.85,4.08,16.57,1316.90,0.68,9.41,357.84,3.95,891.97,1756.81,52.45,3505.97,5.68,219.42,20.68,18.56,37.55,198.74,61.92,160.20,17.60,7.04,25.70,0.65,0.90,4.65,0.40,1.09,1.68,2.88,2.50,0.80,1.65,81.47,1.35,0.45,1.42,1.98,false
2022-01-27,2309.60,0.00,125.50,670.43,0.70,2.03,9.87,5.32,1.05,6.68,206.49,888.50,1.51,558.68,5.69,9.82,1193.58,0.86,14.09,364.98,4.53,1202.35,2075.26,114.92,2751.75,6.63,225.16,22.57,20.71,101.02,202.59,113.43,710.33,17.89,8.43,52.97,0.56,1.36,5.70,0.88,1.54,2.73,4.69,4.23,1.50,2.69,105.51,2.44,0.72,2.21,3.23,false
2022-01-28,1929.24,0.00,0.00,236.66,1.89,1.33,14.36,1.62,0.64,3.77,317.47,620.59,8.89,191.12,3.22,10.42,1063.26,0.53,13.46,207.58,3.25,706.47,1138.92,64.59,4295.93,4.56,247.82,16.39,10.73,20.27,231.43,62.24,179.41,13.83,3.72,31.56,1.38,0.67,2.20,0.35,0.91,1.57,2.68,2.18,0.84,1.43,93.35,1.45,0.58,1.31,1.85,false
2022-01-29,2694.99,0.00,125.50,968.49,1.49,1.91,30.05,4.80,2.12,2.94,456.81,1193.00,57.11,383.41,8.75,82.63,1425.96,1.25,18.94,581.18,7.66,1569.40,3528.92,157.33,5044.05,10.46,225.78,43.19,89.96,54.89,182.59,146.15,284.99,28.89,23.98,66.55,2.15,2.72,18.96,1.12,2.38,4.10,6.44,5.36,1.98,3.69,149.57,3.45,1.30,3.06,4.40,false
2022-01-30,2382.29,0.00,125.50,848.09,2.43,3.92,41.33,11.08,3.70,12.88,610.62,666.09,0.12,1529.56,15.44,13.76,1245.87,1.82,21.62,628.18,8.10,2145.83,3837.13,265.55,2112.87,11.24,230.74,32.99,83.69,92.64,197.76,107.36,835.66,27.83,19.60,39.05,1.17,8.91,8.88,1.70,3.43,5.63,9.93,9.50,3.30,5.38,138.73,5.15,1.51,4.45,6.58,false
2022-01-31,2279.73,0.00,0.00,545.25,2.62,1.56,20.87,5.00,1.93,1.73,539.76,775.65,101.59,205.31,4.11,37.13,808.40,1.57,18.87,311.86,4.49,1108.95,3006.30,93.36,8027.50,10.21,195.98,29.77,70.43,49.86,166.21,107.00,305.43,23.31,8.60,37.53,0.71,0.71,5.78,1.01,2.23,3.00,5.64,5.00,1.74,3.16,146.69,2.86,0.88,2.41,3.65,false
2022-02-01,1383.53,0.00,125.50,586.61,1.04,2.09,18.76,5.36,1.63,4.65,364.06,514.21,92.77,376.42,5.21,15.68,725.83,0.85,13.38,368.69,4.59,1128.89,2334.24,124.86,1493.07,9.61,125.67,21.49,55.94,38.79,104.18,63.05,693.86,18.94,9.00,19.54,0.47,1.13,6.84,1.01,1.75,2.57,4.99,4.79,1.71,2.81,89.35,2.64,0.82,2.28,3.03,false
2022-02-02,2761.87,0.00,251.01,898.30,1.31,2.53,30.76,7.11,2.38,8.03,428.78,775.73,98.87,380.64,7.16,32.77,1088.10,2.31,18.29,453.41,4.37,1593.87,2999.25,136.22,6189.55,10.72,202.37,25.31,64.99,47.62,177.06,146.32,428.14,31.56,11.05,63.29,1.50,1.47,7.14,1.05,2.93,4.12,8.29,8.06,2.73,4.22,162.86,4.09,1.23,3.68,5.40,false
2022-02-03,2542.83,0.00,125.50,858.92,2.59,3.38,27.96,4.49,1.58,4.23,478.21,922.62,103.82,374.18,3.94,21.16,1905.13,1.36,15.44,389.19,4.05,1610.35,2915.83,86.90,3945.28,9.86,258.35,23.94,44.07,57.59,234.40,107.40,395.79,27.50,6.45,52.51,1.54,0.69,4.46,0.72,2.18,2.95,6.18,5.88,1.98,3.15,140.58,2.98,0.92,2.84,4.05,false
2022-02-04,2068.45,0.00,251.01,1165.69,1.02,3.22,20.90,7.60,2.24,6.51,374.33,1185.54,117.74,546.36,6.42,260.66,1238.72,1.84,16.11,460.11,3.88,1683.01,3629.13,123.25,2189.85,11.95,141.83,20.76,43.51,59.20,121.08,115.82,813.11,27.90,8.37,54.00,1.57,0.96,6.17,1.08,2.61,3.99,7.76,7.30,2.53,4.13,124.50,3.86,1.15,3.65,5.16,false
2022-02-05,2420.99,0.00,0.00,783.92,1.54,2.70,31.86,7.89,2.33,5.98,539.11,984.78,32.01,364.07,8.34,316.38,1133.28,1.52,18.16,241.45,1.94,1647.66,2752.75,163.37,3851.85,13.01,159.96,13.94,88.35,35.67,146.01,138.43,831.36,40.08,23.94,53.10,2.41,2.63,20.20,1.62,3.63,6.11,10.21,9.42,3.33,5.62,131.13,5.14,1.38,4.65,7.03,false
2022-02-06,2665.00,0.00,125.50,916.62,1.54,2.58,27.74,8.12,1.67,4.81,403.58,648.53,4.57,278.32,6.61,2.85,1373.13,0.61,18.04,267.61,2.27,1582.36,2273.54,153.22,3547.98,11.30,263.10,8.66,99.22,50.80,254.44,112.33,1063.13,26.04,10.16,44.09,1.10,0.51,4.04,0.90,1.36,2.83,4.73,3.19,1.47,2.87,137.79,2.43,0.86,2.34,3.35,false
2022-02-07,2531.18,0.00,125.50,1222.55,3.78,5.73,110.83,26.88,7.83,16.49,1011.75,1340.56,312.38,471.24,4.01,22.90,1685.36,0.93,45.61,391.51,1.12,2551.91,3325.20,235.27,3411.74,39.53,207.80,76.85,33.45,45.02,130.95,91.57,1077.77,23.13,16.50,36.44,1.73,1.12,8.03,3.00,6.69,11.96,17.87,18.13,6.14,9.78,269.10,9.86,3.02,8.20,11.92,false
2022-02-08,2879.68,0.00,251.01,1448.40,4.12,6.35,99.61,27.32,7.11,17.10,1096.65,1600.48,262.99,687.24,3.95,19.98,1953.73,1.38,48.12,440.38,1.35,2569.08,3554.84,215.30,3943.43,38.99,243.86,63.62,52.59,70.77,180.25,121.51,1066.31,35.05,15.31,55.30,2.28,1.35,7.77,2.48,5.82,10.25,15.78,15.46,5.36,8.76,242.10,8.44,2.55,7.43,10.75,false
2022-02-09,1670.01,0.00,251.01,770.89,4.12,5.35,63.93,23.30,5.32,16.54,1161.89,1222.78,117.83,870.73,7.51,62.88,971.38,1.71,42.93,345.28,1.46,1417.71,2404.29,121.35,2752.85,31.13,156.88,15.39,67.13,44.07,141.49,72.45,240.00,33.32,10.50,31.99,1.43,4.83,4.45,0.81,2.19,3.49,6.48,5.92,2.06,3.40,101.96,3.14,0.91,2.91,4.40,false
2022-02-10,2113.18,0.00,125.50,1093.89,3.92,5.80,89.12,26.62,7.45,20.56,1013.88,1348.35,186.64,1254.68,11.49,17.41,1112.95,1.69,41.34,377.60,1.06,2094.11,3933.32,195.83,1722.17,34.71,137.22,16.65,21.70,62.09,120.57,100.05,521.41,25.31,14.01,44.44,1.99,7.20,5.59,1.70,4.61,7.70,12.52,12.96,4.31,6.54,170.14,6.66,1.93,5.69,8.34,false
2022-02-11,2275.62,0.00,125.50,507.25,1.98,1.58,14.21,1.86,0.53,1.30,320.52,749.65,33.21,277.55,2.58,17.45,849.90,0.46,6.83,255.11,3.45,501.36,1431.79,30.17,4728.75,3.11,302.03,23.88,10.77,49.94,278.15,73.34,277.61,13.12,3.44,36.35,1.42,0.40,1.93,0.17,0.36,0.57,1.02,0.75,0.28,0.60,107.24,0.51,0.22,0.53,0.74,false
2022-02-12,2644.52,0.00,251.01,622.13,1.39,2.25,22.92,4.50,1.04,6.93,408.47,812.05,2.32,416.63,4.17,7.09,1530.86,0.99,15.07,396.10,4.19,1390.04,2210.16,160.27,3767.21,9.04,217.02,19.60,93.57,45.21,197.42,146.71,410.79,22.67,9.29,67.38,5.48,1.33,4.90,0.90,2.00,3.71,6.08,4.59,1.80,3.49,127.08,3.15,1.20,2.95,4.08,false
2022-02-13,2478.76,0.00,251.01,777.92,1.19,2.26,21.42,5.01,1.10,8.58,316.28,711.60,0.24,514.39,3.83,5.57,1647.97,0.98,16.52,396.11,3.88,1448.47,2671.51,145.91,3270.46,8.55,192.50,18.78,62.94,59.30,173.72,139.09,395.00,20.37,9.15,63.08,4.60,1.51,4.50,0.83,2.09,3.76,6.25,5.24,1.88,3.48,123.98,3.23,1.13,3.02,4.18,false
2022-02-14,2463.20,0.00,254.21,538.16,1.10,2.08,14.29,4.60,0.85,3.97,334.95,503.05,12.84,688.08,4.36,6.75,1224.10,0.94,22.48,412.60,5.03,1121.34,2343.05,100.66,5086.03,6.90,294.50,33.37,53.22,96.93,261.12,83.65,700.08,14.03,7.81,23.94,0.41,0.98,5.84,0.85,1.22,2.23,3.84,2.93,1.10,2.41,134.39,1.92,0.62,1.87,2.64,false
2022-02-15,2365.26,0.00,125.50,982.96,3.02,4.71,54.11,21.80,5.54,15.12,875.04,1135.87,320.20,327.20,4.01,26.55,672.40,1.01,47.67,309.52,1.41,1196.65,2989.23,75.22,3536.49,34.73,242.02,24.36,29.13,66.08,217.66,99.73,366.03,13.26,5.05,31.95,0.47,0.65,4.00,0.73,1.95,2.50,5.39,5.81,1.74,2.63,139.84,2.80,0.88,2.29,2.91,false
2022-02-16,2396.08,0.00,125.50,1038.52,0.88,2.62,26.93,7.02,2.58,10.98,313.12,597.90,196.56,318.62,8.24,31.33,1163.72,1.01,23.27,324.55,1.02,1422.76,2811.69,155.94,3908.64,13.12,197.55,31.99,22.80,41.83,165.56,103.62,890.57,26.77,10.45,38.46,0.47,1.84,7.54,1.36,2.93,4.43,8.60,9.07,2.94,4.35,181.53,4.57,1.33,3.72,5.05,false
2022-02-17,2726.68,0.00,125.50,1225.91,1.06,2.62,35.41,6.66,3.48,8.09,364.83,801.80,341.54,161.50,6.86,40.11,1297.88,1.21,26.08,393.84,1.45,1496.03,3923.58,127.04,3955.94,18.25,224.20,37.46,45.49,49.35,186.74,114.94,620.20,23.96,9.64,43.80,0.70,0.89,7.52,1.22,3.20,3.92,8.72,9.82,3.01,4.25,213.49,4.61,1.41,3.74,4.53,false
2022-02-18,2816.96,0.00,125.50,498.55,1.10,1.74,14.55,2.32,1.77,2.97,235.84,363.14,90.71,165.30,6.67,23.18,619.56,0.37,5.56,165.06,0.63,547.18,1374.68,21.60,4587.08,4.85,357.18,38.58,18.77,53.78,318.60,98.52,191.55,15.35,6.72,34.58,1.09,1.44,4.06,0.25,0.56,1.11,2.02,1.75,0.49,0.98,149.64,1.00,0.37,0.89,1.30,false
2022-02-19,3806.16,11.70,128.03,1242.29,2.09,2.53,42.39,7.42,3.09,4.52,432.06,1621.33,86.39,152.39,9.13,101.34,1398.32,1.28,15.54,362.35,1.81,1548.84,3596.96,129.11,7263.13,11.17,398.89,42.39,125.10,155.50,356.50,170.76,573.41,32.34,36.42,67.37,3.55,4.59,30.21,1.47,3.23,5.77,9.03,8.38,2.84,4.97,181.36,4.80,1.62,4.19,6.02,false
2022-02-20,2307.61,0.00,252.25,890.20,0.94,2.01,26.15,4.98,1.71,12.99,238.35,351.49,58.89,392.08,5.32,16.34,1339.41,0.90,24.79,281.70,0.86,1372.92,1774.99,133.78,4846.46,11.55,274.22,38.53,21.95,46.46,235.68,85.39,256.84,15.99,6.97,34.27,1.54,1.65,4.20,1.01,2.71,4.37,7.86,7.87,2.47,3.91,132.49,3.96,1.04,3.35,5.00,false
2022-02-21,2005.46,0.00,125.50,975.11,1.36,1.46,32.28,4.95,2.41,3.08,315.80,205.48,102.00,138.76,3.82,74.84,697.88,1.73,15.47,373.41,3.05,1324.37,1758.41,104.32,2827.92,11.31,241.39,32.95,88.00,35.57,208.43,72.31,206.14,20.82,17.85,19.67,0.69,1.79,14.85,1.30,2.64,4.67,7.52,7.08,2.36,4.04,123.23,3.89,1.20,3.39,5.07,false
2022-02-22,2505.18,0.00,251.01,1335.46,1.08,3.06,60.74,8.80,3.92,6.80,278.59,988.69,214.67,395.49,4.38,29.53,1600.69,0.84,14.41,373.80,0.98,2137.81,2786.97,184.41,3225.35,14.31,192.96,59.47,0.04,46.28,133.49,109.18,1051.84,26.76,12.60,50.41,2.45,1.06,6.53,2.36,5.43,9.78,14.86,14.95,5.05,8.02,230.93,8.11,2.48,6.86,10.00,false
2022-02-23,2881.90,0.00,125.50,1056.18,1.20,3.13,42.32,8.08,2.98,6.76,357.86,1181.09,162.59,399.60,5.17,26.12,1603.64,0.53,20.51,292.05,1.04,1942.59,2290.34,187.13,5978.26,14.00,220.79,51.39,17.73,56.74,169.40,135.73,1306.20,31.15,12.10,59.56,2.79,0.98,7.04,2.10,4.32,8.14,12.48,11.69,4.14,6.88,234.27,6.82,2.21,5.81,8.42,false
2022-02-24,2519.89,0.00,128.70,807.84,2.70,4.06,35.90,9.17,2.98,11.08,663.52,637.85,62.98,1015.35,13.15,20.52,1546.87,1.49,23.25,422.72,3.03,1848.95,2765.37,237.69,4439.97,12.61,224.46,33.38,99.40,58.96,191.08,110.05,1007.35,26.97,15.73,41.89,1.08,5.99,8.60,1.95,3.22,5.88,10.22,8.92,3.14,5.69,175.05,5.24,1.62,4.32,6.65,false
2022-02-25,2468.43,0.00,125.50,1230.77,2.39,4.12,53.55,8.71,3.89,7.60,580.79,812.57,185.99,453.56,7.37,24.06,1508.40,0.70,18.20,324.05,1.52,1959.82,2689.60,203.64,2489.44,13.76,232.32,50.43,55.88,64.17,181.89,97.92,1145.56,23.23,11.47,43.01,1.75,1.04,6.92,2.27,4.40,8.12,12.62,11.97,4.14,7.04,197.42,6.75,2.07,5.68,8.43,false
2022-02-26,2721.80,0.00,251.01,846.48,1.70,2.87,34.85,7.16,3.09,10.30,334.60,352.21,59.71,979.20,11.64,37.06,1606.73,2.32,24.71,521.40,1.82,1748.81,3454.87,174.90,2367.13,12.16,206.05,33.27,44.59,44.03,172.78,143.08,399.16,34.54,17.00,46.46,3.60,6.91,7.64,1.25,2.88,4.94,8.81,8.19,2.74,4.52,173.61,4.50,1.44,3.78,5.73,false
2022-02-27,2512.74,0.00,251.01,1259.75,2.67,3.24,23.17,6.17,1.65,5.14,667.47,1486.35,106.35,592.75,6.36,30.59,1590.91,0.88,18.78,421.77,2.56,1480.91,3620.76,145.12,6546.26,11.71,244.67,42.29,120.68,50.01,202.38,120.64,679.72,26.73,8.04,56.90,2.31,0.94,5.50,1.19,1.88,3.78,6.52,4.45,1.74,3.80,139.54,3.20,1.25,2.87,4.35,false
2022-02-28,2421.36,0.00,251.01,840.41,1.72,3.43,20.03,5.30,1.87,6.17,462.10,525.18,86.60,542.80,6.71,15.96,1415.81,0.38,24.50,292.25,1.00,1065.01,2067.87,111.36,5003.03,8.44,251.22,34.56,33.25,47.86,216.66,89.97,919.29,16.95,6.81,32.65,0.65,1.10,4.61,1.03,1.55,3.08,5.34,4.43,1.59,3.04,169.70,2.66,0.83,2.43,3.57,false
2022-03-01,2539.09,0.00,251.01,858.26,2.76,3.17,36.33,5.81,3.05,5.08,581.03,375.36,99.56,222.60,8.76,46.69,1123.07,1.26,15.13,367.64,3.00,1272.99,2497.56,101.13,5230.41,11.16,251.69,39.46,108.12,57.34,212.23,118.48,268.52,36.03,23.83,37.41,1.93,2.64,19.61,1.10,2.43,4.09,7.04,6.18,2.03,4.02,148.41,3.38,1.18,3.31,4.66,false
2022-03-02,2636.37,0.00,251.01,878.38,2.85,4.07,47.25,7.32,3.79,10.98,619.68,490.04,82.32,985.20,13.47,15.49,1735.80,1.26,17.28,357.12,1.58,1651.22,2998.48,206.41,2803.24,11.05,206.50,29.12,86.52,48.39,177.38,130.65,472.12,15.82,11.92,52.95,3.87,6.52,3.45,1.35,3.02,5.25,9.30,8.28,2.86,4.86,177.03,4.72,1.57,4.00,5.99,false
2022-03-03,1660.56,0.00,251.01,929.07,2.24,3.20,44.73,8.04,3.29,14.10,469.40,247.22,57.70,1028.88,12.43,17.07,866.95,1.47,14.52,353.25,1.44,1531.04,2737.24,212.81,2570.58,8.75,157.80,28.21,66.42,39.07,129.59,65.42,284.67,15.70,12.88,23.57,0.50,7.54,4.39,1.45,3.28,5.42,9.72,9.72,3.14,4.91,127.07,4.98,1.43,3.95,6.14,false
2022-03-04,1915.10,0.00,132.39,943.31,1.82,1.88,34.95,5.39,2.34,5.63,435.15,163.21,93.15,170.59,5.93,65.16,775.80,1.82,17.25,397.60,3.16,1407.37,1973.85,138.43,3231.09,11.33,241.38,32.11,110.21,56.19,209.27,68.94,176.74,21.91,17.16,21.19,0.54,2.01,14.06,1.45,2.78,4.87,8.02,7.48,2.48,4.34,106.46,4.13,1.29,3.47,5.27,false
2022-03-05,,,,,,,,,,,,,,,,,,,,,,,,,,,,,,,,,,,,,,,,,,,,,,,,,,,,false
2022-03-06,,,,,,,,,,,,,,,,,,,,,,,,,,,,,,,,,,,,,,,,,,,,,,,,,,,,false
2022-03-07,,,,,,,,,,,,,,,,,,,,,,,,,,,,,,,,,,,,,,,,,,,,,,,,,,,,false
2022-03-08,,,,,,,,,,,,,,,,,,,,,,,,,,,,,,,,,,,,,,,,,,,,,,,,,,,,false
2022-03-09,,,,,,,,,,,,,,,,,,,,,,,,,,,,,,,,,,,,,,,,,,,,,,,,,,,,false
2022-03-10,,,,,,,,,,,,,,,,,,,,,,,,,,,,,,,,,,,,,,,,,,,,,,,,,,,,false
2022-03-11,,,,,,,,,,,,,,,,,,,,,,,,,,,,,,,,,,,,,,,,,,,,,,,,,,,,false
2022-03-12,,,,,,,,,,,,,,,,,,,,,,,,,,,,,,,,,,,,,,,,,,,,,,,,,,,,false
2022-03-13,,,,,,,,,,,,,,,,,,,,,,,,,,,,,,,,,,,,,,,,,,,,,,,,,,,,false
2022-03-14,,,,,,,,,,,,,,,,,,,,,,,,,,,,,,,,,,,,,,,,,,,,,,,,,,,,false
2022-03-15,,,,,,,,,,,,,,,,,,,,,,,,,,,,,,,,,,,,,,,,,,,,,,,,,,,,false
2022-03-16,1429.90,0.00,251.01,720.14,0.59,1.64,11.49,2.72,0.94,5.36,180.86,274.72,58.81,233.52,1.45,11.76,891.99,0.35,12.50,218.08,0.54,757.87,1115.17,46.01,4370.46,6.21,132.78,29.12,0.04,33.35,103.66,67.71,213.30,7.87,2.52,30.32,0.77,0.75,0.67,0.38,1.18,2.02,3.75,3.54,1.06,1.90,97.87,1.75,0.60,1.80,2.42,false
2022-03-17,1957.84,17.61,0.00,787.55,2.02,2.00,46.99,5.14,3.27,4.01,447.47,313.29,172.14,85.88,2.21,21.94,1060.40,0.72,15.84,262.74,1.87,1503.06,2230.06,141.23,2898.03,11.43,219.42,52.07,70.52,43.40,167.35,52.92,350.91,13.60,8.57,23.70,0.83,0.69,4.33,1.78,3.82,6.52,10.06,9.83,3.26,5.52,156.46,5.42,1.73,4.30,6.52,false
2022-03-18,1993.68,0.00,251.01,1194.17,1.45,2.03,58.67,6.85,3.36,4.03,263.89,440.95,144.76,276.33,3.12,52.62,1204.97,0.73,11.43,386.63,1.48,1774.23,3058.78,145.88,2030.07,9.52,178.42,33.59,37.60,58.43,144.84,73.09,421.54,19.79,17.32,27.54,1.41,1.80,11.06,1.79,4.62,7.70,11.62,11.95,3.97,6.38,170.40,6.30,1.89,5.42,7.75,false
2022-03-19,2324.49,0.00,251.01,846.08,1.69,2.39,17.71,3.98,1.12,5.73,380.25,431.93,66.51,414.86,1.94,18.27,1641.93,0.65,15.45,311.57,1.42,1503.27,2196.15,90.34,5408.67,11.92,276.21,42.87,54.86,61.41,233.35,95.80,251.92,16.60,5.47,39.72,1.22,1.08,3.12,0.92,2.32,3.58,6.66,6.05,1.86,3.65,110.44,2.96,1.01,3.22,4.43,false
2022-03-20,2037.82,0.00,251.01,1096.03,2.05,2.70,52.67,6.50,3.03,5.32,402.20,436.06,162.11,252.05,2.36,23.00,1521.53,0.75,14.96,358.06,1.47,1811.98,2533.72,151.24,3255.93,13.49,195.40,48.34,50.91,56.90,147.06,80.22,385.40,16.41,9.03,41.71,1.43,1.00,4.52,1.85,4.35,7.41,11.63,11.43,3.75,6.34,168.05,6.14,1.95,5.28,7.66,false
2022-03-21,2405.46,0.00,251.01,1150.20,2.96,3.80,37.72,7.97,2.17,11.73,883.00,474.04,67.97,437.91,34.60,12.70,1722.41,1.33,23.16,399.61,3.01,1625.15,2365.37,225.30,3997.91,10.69,315.33,34.26,153.25,82.46,281.07,76.61,745.37,14.65,8.09,34.60,0.57,1.71,5.39,1.99,3.19,5.63,9.95,7.92,3.03,5.68,134.05,4.88,1.52,4.26,6.40,false
2022-03-22,2846.62,0.00,125.50,1131.35,2.60,2.73,20.78,5.41,1.58,4.89,533.56,1096.30,87.82,291.66,4.38,26.08,1671.12,0.81,21.14,340.41,2.07,1435.60,2760.10,109.47,5372.40,11.37,346.84,46.61,94.93,63.48,300.23,119.61,234.72,48.16,9.64,47.76,1.99,1.02,3.89,0.96,2.02,3.48,6.22,4.84,1.65,3.49,106.79,2.96,1.12,2.82,4.07,false
2022-03-23,2238.62,0.00,251.01,1310.49,2.37,3.35,36.85,6.83,2.26,10.08,667.41,502.74,151.40,398.65,24.41,22.99,1675.21,1.27,20.69,395.87,2.28,1613.62,3027.02,165.38,3103.04,13.11,277.69,34.96,114.92,79.72,242.73,77.69,319.56,17.84,7.85,34.00,1.27,1.50,5.10,1.45,3.01,4.66,9.00,8.05,2.76,4.84,128.65,4.40,1.40,3.91,5.40,false
2022-03-24,2152.82,0.00,125.50,1112.88,2.07,2.89,38.69,6.54,2.96,9.02,612.18,484.07,244.99,191.11,16.34,32.83,1006.12,1.35,20.12,357.18,2.21,1501.54,3151.46,164.20,3087.80,15.69,230.90,36.32,108.36,49.96,194.58,82.32,418.77,23.35,9.58,31.86,1.23,1.27,7.11,1.49,3.18,4.42,9.07,9.03,2.95,4.71,142.18,4.62,1.46,3.79,5.07,false
2022-03-25,1925.73,0.00,251.01,1263.85,1.45,3.42,31.41,8.02,2.66,10.94,445.86,668.92,198.26,405.11,7.68,31.47,1257.65,1.11,15.82,374.21,1.46,1781.42,2990.94,175.95,2696.88,15.70,160.86,32.34,53.45,46.36,128.52,87.77,901.15,28.72,11.37,30.95,0.90,1.89,8.05,1.60,3.38,5.18,10.00,9.93,3.25,5.27,141.09,5.06,1.53,4.46,6.07,false
2022-03-26,2368.88,0.00,251.01,1324.08,3.14,3.16,44.22,8.27,2.59,5.69,511.60,382.20,62.60,266.66,6.05,12.55,1316.10,1.02,22.48,425.60,2.97,1930.21,3359.24,142.44,4172.09,15.79,288.51,32.69,118.80,52.92,255.83,72.96,411.62,25.32,10.34,27.52,1.12,0.84,3.06,1.02,2.01,3.15,5.80,4.88,1.62,3.21,157.10,2.82,0.92,2.44,3.62,false
2022-03-27,2493.33,0.00,251.01,1404.40,2.41,3.45,38.10,7.30,2.72,10.38,690.89,436.32,161.67,402.11,24.45,22.85,1679.66,1.39,21.08,429.31,2.60,1653.42,3464.41,169.69,3338.72,13.31,305.71,38.03,121.27,95.22,267.68,91.31,363.27,15.84,7.71,41.62,0.92,1.55,4.97,1.48,3.15,4.78,9.22,8.27,2.82,4.96,135.96,4.51,1.43,3.98,5.54,false
2022-03-28,3626.76,37.10,254.21,1499.01,3.41,4.22,44.18,10.20,3.73,10.21,667.38,733.21,90.28,505.04,11.16,54.37,1496.31,1.82,25.43,549.95,3.98,2273.78,4243.57,210.12,6564.81,16.97,363.41,48.23,136.29,86.58,315.19,147.71,907.99,45.62,25.73,56.28,2.45,3.75,20.19,2.20,4.39,7.18,12.35,11.25,3.75,7.09,173.71,6.23,1.97,5.63,8.00,false
2022-03-29,2520.09,18.55,125.50,1146.45,3.21,3.08,34.06,5.85,2.00,9.00,773.26,914.97,79.65,237.21,25.01,23.15,1815.92,1.23,21.89,386.37,2.99,1672.78,2581.50,181.38,5009.98,12.84,277.78,37.54,141.54,53.83,240.24,95.44,289.37,22.78,7.84,48.15,1.81,1.61,4.84,1.57,3.05,5.20,9.27,7.21,2.70,5.22,128.78,4.52,1.64,4.11,5.90,false
2022-03-30,1543.31,0.00,251.01,1045.02,2.13,3.64,33.35,8.21,2.71,10.02,674.12,579.22,69.25,927.19,12.65,93.39,936.40,1.21,14.48,334.76,1.45,1489.39,2676.50,191.31,1585.75,10.01,144.36,30.33,48.73,40.32,114.03,68.93,769.51,19.93,12.22,25.53,0.84,5.67,5.38,1.45,2.65,4.75,8.31,7.78,2.64,4.42,106.71,4.31,1.25,3.50,5.44,false
2022-03-31,1688.02,0.00,125.50,916.92,2.04,3.34,34.29,8.32,2.84,11.79,694.06,530.34,69.13,884.89,23.09,92.44,1003.66,1.32,15.38,288.69,1.50,1496.44,2553.14,206.77,2025.43,9.60,148.26,30.00,49.03,39.24,118.25,76.97,803.90,20.09,12.37,29.69,0.69,5.91,5.41,1.61,2.98,5.25,9.19,8.65,3.00,4.85,119.77,4.79,1.37,3.92,5.96,false
2022-04-01,1769.14,18.55,125.50,1065.23,1.66,2.17,47.32,5.44,3.03,4.32,301.47,404.49,162.11,175.05,3.47,28.20,1124.79,0.85,13.87,289.76,1.34,1623.04,2291.86,124.70,2941.44,11.86,148.81,47.44,31.54,30.16,101.37,62.11,358.20,20.59,9.29,25.19,1.28,1.04,4.91,1.65,4.02,6.83,10.69,10.73,3.53,5.69,154.05,5.76,1.79,4.81,7.00,false
2022-04-02,1471.61,0.00,0.00,630.86,1.51,1.70,12.57,3.08,1.15,3.48,281.65,265.97,58.21,203.95,2.59,18.18,800.40,0.76,11.16,149.67,1.18,970.04,1384.92,58.46,2490.79,7.65,173.58,34.03,37.03,55.82,139.55,67.49,145.85,15.54,5.97,29.21,0.90,0.83,4.16,0.67,1.57,2.53,4.60,4.13,1.31,2.41,66.56,2.28,0.73,1.99,2.91,false
2022-04-03,2622.09,0.00,125.50,713.54,1.32,2.03,24.27,3.92,1.71,11.70,316.72,218.48,60.71,225.30,4.41,29.91,801.46,0.68,15.03,237.48,0.91,1326.34,2004.87,130.05,2912.85,22.42,203.38,34.79,34.48,51.89,168.59,150.34,372.27,50.83,8.48,60.53,3.99,1.72,5.09,1.26,3.54,5.13,9.11,8.86,2.79,4.57,132.87,4.84,1.42,3.97,5.68,false
2022-04-04,2479.45,0.00,253.95,915.50,1.06,2.45,13.47,4.79,1.35,5.70,487.36,601.11,69.54,335.23,5.40,99.92,1196.24,0.75,24.03,277.29,1.12,1044.44,2822.26,85.76,2490.33,8.32,309.53,55.29,8.74,92.75,254.24,109.55,622.27,18.52,13.75,35.19,0.96,1.69,10.93,0.82,1.30,2.59,4.50,3.72,1.28,2.50,99.61,2.29,0.70,2.06,3.04,false
2022-04-05,1876.91,0.00,253.95,885.37,2.03,2.97,37.83,6.20,2.66,8.63,537.02,343.97,63.68,800.98,9.05,52.35,1126.03,1.22,15.50,328.40,1.02,1341.68,2552.22,132.46,2259.91,8.51,215.85,35.25,27.07,76.24,180.60,76.53,231.40,16.33,10.83,32.43,0.97,5.06,4.71,0.94,2.23,3.75,6.78,6.57,2.08,3.42,105.97,3.41,1.01,2.86,4.36,false
2022-04-06,2516.09,0.00,253.95,1560.94,1.62,2.97,58.41,9.00,4.52,11.52,340.87,654.17,178.91,393.79,3.72,47.98,1766.73,1.20,16.61,447.76,1.41,2193.17,3876.53,161.64,2610.41,21.58,229.39,52.75,55.37,79.71,176.64,106.67,483.14,31.45,15.85,42.90,2.91,1.70,10.40,2.03,5.26,8.81,14.06,14.03,4.52,7.53,195.12,7.34,2.05,6.37,9.28,false
2022-04-07,,,,,,,,,,,,,,,,,,,,,,,,,,,,,,,,,,,,,,,,,,,,,,,,,,,,false
2022-04-08,,,,,,,,,,,,,,,,,,,,,,,,,,,,,,,,,,,,,,,,,,,,,,,,,,,,false
2022-04-09,2866.05,0.00,125.50,783.31,1.39,2.52,14.23,5.00,1.09,6.28,427.70,506.23,57.58,355.02,12.65,11.32,1221.22,0.49,21.48,213.21,1.22,1052.46,1565.96,113.77,3762.43,7.75,379.32,27.51,49.00,166.75,351.81,118.81,671.99,10.64,4.90,45.29,0.50,0.74,3.24,1.06,1.60,3.12,5.45,4.39,1.62,3.06,97.00,2.71,0.84,2.42,3.56,false
2022-04-10,2043.36,0.00,125.50,748.22,2.15,1.99,14.95,2.03,0.74,3.15,368.30,428.41,66.48,204.00,1.55,17.45,1148.36,0.25,11.91,160.27,0.54,605.73,1263.08,24.83,4247.81,5.06,305.04,28.80,0.04,70.29,276.24,61.60,124.81,5.83,2.05,27.31,0.48,0.40,0.73,0.24,0.63,1.19,2.22,1.97,0.55,1.07,85.01,1.07,0.36,0.98,1.40,false
2022-04-11,1762.67,0.00,125.50,777.31,1.40,2.15,20.34,3.69,1.34,9.22,379.50,292.54,58.20,275.40,12.22,14.55,1228.79,0.67,13.71,238.31,1.22,1195.31,1613.61,112.73,2245.52,14.44,185.01,28.94,49.00,53.42,156.07,78.63,233.70,21.86,4.62,35.76,2.29,1.19,2.13,1.05,2.49,4.00,7.15,6.30,2.11,3.72,98.94,3.62,1.15,3.12,4.51,false
2022-04-12,1681.89,0.00,128.44,692.28,1.66,1.85,15.51,2.49,0.83,4.07,342.72,277.40,62.16,215.40,2.43,18.53,1106.20,0.39,9.66,187.71,0.52,708.99,1224.89,33.52,2510.38,5.63,229.42,33.37,0.57,54.99,196.04,66.63,75.32,13.85,5.85,27.92,0.64,0.99,3.97,0.34,0.86,1.57,2.89,2.56,0.74,1.45,63.75,1.38,0.45,1.30,1.83,false
2022-04-13,2487.09,0.00,125.50,681.63,1.42,1.68,18.19,3.36,0.80,2.44,225.29,401.57,6.36,171.96,2.64,5.48,1195.75,0.35,11.75,163.82,1.07,802.81,1376.26,53.16,3944.99,5.62,301.82,13.69,46.01,80.34,288.13,99.73,200.02,12.26,3.63,39.72,0.92,0.31,0.90,0.18,0.62,1.19,2.06,1.38,0.58,1.16,95.12,1.00,0.41,1.09,1.46,false
2022-04-14,2650.89,0.00,153.92,1420.32,1.95,2.87,43.84,7.57,2.54,5.64,486.00,592.97,59.98,327.31,17.35,17.82,1716.43,1.06,16.88,389.79,2.87,1871.11,2908.99,137.13,2740.45,13.87,297.66,37.64,84.54,80.78,260.02,102.65,427.11,31.56,14.06,42.19,2.04,1.28,8.79,1.36,2.98,5.28,8.61,7.45,2.58,4.81,160.11,4.38,1.43,4.03,5.65,false
2022-04-15,2027.02,26.50,251.01,1305.49,2.32,2.87,18.91,3.43,1.02,5.00,398.68,631.34,66.59,367.80,2.98,24.15,1764.14,0.40,8.36,280.75,0.93,1126.15,2005.38,49.26,3200.37,8.20,252.88,30.58,0.08,49.77,222.30,60.78,163.64,15.24,4.77,29.95,1.35,1.15,2.26,0.36,1.16,2.23,4.00,3.22,1.05,2.05,86.33,1.94,0.73,1.96,2.66,false
2022-04-16,2403.59,0.00,125.50,918.28,0.78,3.08,11.75,7.35,1.40,10.68,292.65,846.08,57.58,527.77,6.27,14.86,1188.39,0.52,9.79,214.25,0.58,1480.29,1492.65,165.96,3418.49,9.92,252.41,34.50,0.06,49.43,217.90,107.63,1325.66,24.33,8.54,48.15,1.17,1.49,5.83,1.39,2.35,4.70,7.92,7.01,2.57,4.32,128.41,4.21,1.27,3.67,5.34,false
2022-04-17,2257.71,0.00,125.50,663.97,1.26,2.14,11.84,2.69,1.10,3.70,161.85,487.60,58.38,239.40,1.58,12.06,1234.10,0.72,10.42,219.32,0.62,1216.17,1261.14,43.84,3946.96,7.88,210.59,30.16,58.68,41.72,180.43,113.84,320.33,10.68,3.53,47.41,1.09,0.54,1.89,0.52,1.53,2.42,4.62,4.22,1.32,2.26,118.34,2.24,0.69,2.03,3.04,false
2022-04-18,2931.09,0.00,251.01,1397.02,2.88,3.91,58.21,7.67,3.26,6.49,517.88,1279.29,162.11,417.56,3.15,25.70,3217.91,1.20,18.57,428.19,1.96,2362.04,2976.02,183.15,4670.54,15.61,235.58,49.77,79.65,61.76,185.81,131.48,631.40,23.70,11.02,70.03,2.49,1.28,5.96,2.15,5.02,8.48,13.76,13.07,4.35,7.47,232.98,7.13,2.23,6.08,9.07,false
2022-04-19,2507.66,0.00,251.01,1410.68,2.65,3.49,58.55,7.85,3.25,8.34,609.51,673.10,162.21,416.49,4.07,25.46,1693.35,1.10,19.62,420.65,2.17,2028.94,2837.94,205.38,3620.77,13.86,273.25,51.02,103.98,81.37,222.22,91.07,446.85,20.11,10.98,44.75,2.22,1.54,5.81,2.13,4.64,8.12,12.94,12.28,4.10,7.11,184.57,6.73,2.14,5.65,8.49,false
2022-04-20,4124.30,0.00,251.01,1414.23,2.14,3.28,54.31,8.28,3.30,7.16,535.06,677.46,168.09,401.89,4.58,39.01,2090.75,1.14,26.90,410.75,1.81,1969.63,4207.23,171.11,3290.47,13.51,420.82,65.52,68.67,201.73,355.31,205.33,426.93,25.21,11.05,103.81,2.13,1.35,6.05,1.91,4.40,7.71,12.25,11.77,3.90,6.66,198.75,6.39,2.02,5.44,8.12,false
2022-04-21,2476.37,21.20,0.00,446.14,1.33,1.00,13.45,3.43,1.22,0.46,362.61,159.58,22.23,21.39,13.23,31.70,336.38,0.60,7.54,146.92,1.52,448.80,1756.64,42.38,3729.72,3.97,300.65,23.91,55.45,41.26,276.74,88.25,81.15,20.76,4.74,29.70,0.74,0.43,4.16,0.52,0.89,1.21,2.20,1.59,0.62,1.39,94.68,1.06,0.35,0.87,1.32,false
2022-04-22,616.38,0.00,0.00,176.30,0.53,0.38,5.77,1.82,0.81,0.42,85.92,8.80,16.25,19.20,1.65,14.87,19.54,0.29,1.53,64.78,0.44,231.28,1012.60,13.33,1346.62,2.12,94.33,11.19,6.42,17.34,83.13,17.58,35.40,9.37,2.17,3.85,0.02,0.25,1.89,0.21,0.55,0.61,1.12,1.16,0.35,0.64,26.19,0.61,0.17,0.43,0.64,false
2022-04-23,,,,,,,,,,,,,,,,,,,,,,,,,,,,,,,,,,,,,,,,,,,,,,,,,,,,false
2022-04-24,,,,,,,,,,,,,,,,,,,,,,,,,,,,,,,,,,,,,,,,,,,,,,,,,,,,false
2022-04-25,,,,,,,,,,,,,,,,,,,,,,,,,,,,,,,,,,,,,,,,,,,,,,,,,,,,false
2022-04-26,,,,,,,,,,,,,,,,,,,,,,,,,,,,,,,,,,,,,,,,,,,,,,,,,,,,false
2022-04-27,,,,,,,,,,,,,,,,,,,,,,,,,,,,,,,,,,,,,,,,,,,,,,,,,,,,false
2022-04-28,,,,,,,,,,,,,,,,,,,,,,,,,,,,,,,,,,,,,,,,,,,,,,,,,,,,false
2022-04-29,2019.57,0.00,251.01,1394.93,2.44,3.01,32.96,6.82,1.88,11.52,629.34,792.82,79.77,455.51,25.09,20.40,1755.97,1.28,17.92,409.19,2.34,1528.49,2717.88,163.09,3697.30,9.22,254.74,35.89,108.37,72.77,218.85,71.03,209.35,14.95,6.49,34.22,1.03,1.88,3.45,1.32,2.69,4.61,8.33,7.08,2.47,4.51,113.43,4.02,1.27,3.63,5.31,false
2022-04-30,2400.86,0.00,251.01,1436.43,2.58,3.77,25.41,9.00,1.83,6.21,810.11,1085.78,90.10,490.13,26.73,50.08,1824.27,1.03,18.60,420.54,2.51,1507.30,3171.98,140.30,2600.88,11.05,268.33,46.72,107.75,74.41,221.62,111.51,689.42,34.20,9.53,50.73,1.72,1.07,7.12,1.38,2.05,3.95,6.95,5.01,1.95,4.11,111.76,3.31,1.09,3.14,4.58,false
2022-05-01,2537.33,0.00,251.01,1372.10,1.79,3.00,31.26,8.52,2.17,8.42,524.73,519.40,74.27,411.40,16.69,40.44,1820.56,1.12,24.20,395.31,2.17,1551.95,3126.71,122.89,5014.31,11.15,309.44,42.52,80.36,89.24,266.92,88.06,326.60,27.06,8.85,30.61,0.91,1.30,4.05,0.87,1.86,3.25,5.93,5.00,1.69,3.19,154.16,2.83,0.90,2.60,3.83,false
2022-05-02,2276.27,15.90,251.01,1622.75,2.94,4.05,43.66,8.00,3.18,10.10,676.90,561.42,93.44,448.41,19.47,73.85,1638.54,1.53,17.11,423.61,2.50,1933.38,3319.22,153.84,3386.07,13.54,238.84,31.95,83.19,72.37,206.89,72.48,328.48,19.56,8.15,32.57,1.19,1.45,2.70,1.14,2.62,4.27,7.83,6.90,2.31,4.14,158.71,3.84,1.18,3.43,5.06,false
2022-05-03,2680.51,0.00,251.01,1272.47,3.01,3.52,33.04,6.67,2.23,9.07,574.87,672.57,67.97,454.46,13.53,15.72,1532.21,1.57,17.61,384.12,2.21,1754.01,2682.49,152.40,5456.55,11.97,361.35,39.15,97.36,81.85,322.20,86.28,267.94,20.94,7.48,45.14,2.00,1.64,4.47,1.42,3.18,4.96,9.17,7.95,2.68,4.94,140.82,4.44,1.38,3.89,5.85,false
2022-05-04,2937.16,15.90,379.71,1475.13,2.21,3.47,24.14,5.92,1.55,7.02,383.81,659.76,63.22,618.35,3.46,17.12,1725.38,1.31,13.42,459.72,2.66,1764.42,2626.36,97.44,5175.79,12.07,365.87,39.86,52.93,92.16,326.01,98.56,285.68,18.91,7.05,46.83,1.87,1.17,4.40,0.97,2.28,3.77,6.96,5.90,1.84,3.82,143.08,3.29,1.06,3.14,4.48,false
2022-05-05,2086.55,0.00,3.20,750.08,2.47,3.32,19.64,7.82,2.05,5.41,832.44,1056.78,102.93,350.75,10.22,527.94,945.94,1.44,20.36,366.57,3.79,1515.83,2630.10,147.45,3398.43,12.74,245.82,46.41,75.31,48.42,199.41,88.51,921.28,35.71,12.03,29.47,0.84,1.20,9.81,1.63,2.32,4.26,7.39,6.01,2.13,4.33,106.08,3.78,1.17,3.11,4.83,false
2022-05-06,2652.22,0.00,376.51,1587.08,3.67,4.50,40.45,9.33,2.14,9.85,928.77,777.85,69.79,579.69,16.40,45.62,1913.27,1.70,22.40,494.30,2.91,1924.03,3270.45,188.72,4391.13,13.24,313.82,41.52,155.30,84.34,272.30,111.35,258.36,33.90,10.75,51.09,2.36,1.91,7.30,1.60,3.07,5.19,9.52,7.63,2.65,5.35,125.06,4.45,1.46,3.99,6.15,false
2022-05-07,2938.14,0.00,125.50,1083.27,1.21,3.31,22.26,7.89,2.34,12.68,571.95,1182.73,98.27,437.22,9.20,532.10,1301.99,0.87,17.51,364.95,1.69,1821.36,3396.02,166.30,2868.36,25.39,216.98,43.00,0.31,54.76,173.99,171.95,1026.61,66.48,12.89,65.91,4.53,1.93,8.93,1.68,4.03,6.42,11.05,10.34,3.43,5.79,155.83,5.92,1.75,5.01,7.17,false
2022-05-08,2928.67,0.00,127.10,1354.52,1.62,3.37,25.37,7.35,2.68,13.93,462.31,525.03,130.33,501.14,6.09,57.13,1900.23,1.08,20.14,409.36,1.83,2135.13,3668.46,138.04,2619.15,28.54,268.68,66.80,6.22,96.30,201.88,160.32,379.67,59.04,11.44,63.18,4.46,1.77,7.01,1.44,4.12,6.36,11.34,10.63,3.25,5.70,155.13,5.88,1.84,5.06,7.16,false
2022-05-09,2640.57,0.00,251.01,1270.33,2.68,4.10,23.99,7.19,1.63,6.90,815.14,1321.08,91.20,572.81,15.84,499.74,1747.62,1.07,22.42,411.18,2.76,1651.70,2948.84,157.43,4459.02,12.07,311.36,42.09,91.13,77.88,269.27,108.95,868.53,23.33,8.66,45.44,1.78,1.37,5.92,1.54,2.50,4.59,8.12,6.37,2.34,4.66,125.50,3.96,1.24,3.59,5.35,false
2022-05-10,3051.28,0.00,251.01,1180.57,3.96,4.13,45.86,7.39,3.22,5.59,838.35,631.92,98.61,618.64,18.68,47.18,1680.82,1.49,19.31,410.41,2.64,1662.34,3395.74,149.00,5093.56,11.86,348.09,39.62,176.84,81.46,308.47,121.57,327.95,28.53,19.67,48.93,2.79,2.55,15.45,1.55,2.92,5.01,8.72,7.03,2.46,5.00,163.83,4.20,1.41,3.82,5.72,false
2022-05-11,2465.09,0.00,251.01,1218.09,3.67,4.51,46.69,7.58,3.39,9.56,954.70,498.79,90.94,1127.42,22.01,75.73,1507.68,1.41,18.93,391.99,2.35,1602.13,3340.26,188.45,3254.58,10.81,273.64,32.92,119.76,73.17,240.72,89.61,337.71,13.71,9.84,38.73,1.32,4.90,3.70,1.42,2.74,4.69,8.49,7.24,2.47,4.62,159.90,4.11,1.30,3.53,5.44,false
2022-05-12,2675.66,0.00,0.00,1150.26,1.53,2.25,63.89,10.36,5.05,4.32,470.24,452.19,248.27,110.10,7.85,84.04,1209.59,1.37,14.99,356.74,1.63,1975.04,4080.19,145.20,3373.96,15.18,265.41,83.08,6.69,44.80,182.33,106.11,481.55,43.18,15.00,33.71,1.43,1.13,9.40,2.18,5.40,9.13,13.92,14.40,4.70,7.46,218.98,7.65,2.35,6.21,9.21,false
2022-05-13,3066.16,0.00,251.01,1317.54,2.19,4.02,44.45,9.93,3.56,16.89,578.43,509.33,70.29,1021.80,21.25,48.32,1760.21,1.50,18.98,435.91,1.51,2162.10,4121.76,213.55,2435.71,25.64,245.84,40.09,49.15,76.40,205.75,160.83,485.44,57.00,13.99,62.08,4.38,6.14,5.93,1.82,4.84,7.55,13.39,12.68,4.16,6.87,180.15,6.94,2.08,5.89,8.53,false
2022-05-14,2187.12,0.00,251.01,992.22,1.25,2.35,16.33,3.77,1.11,7.10,289.29,418.63,57.70,382.46,1.66,15.01,1130.59,0.50,10.49,272.16,0.93,1104.02,1737.43,77.79,3167.32,12.39,243.33,32.44,31.00,53.34,210.89,92.78,284.50,20.30,4.22,42.28,2.45,0.96,1.88,0.72,1.85,2.98,5.42,4.88,1.50,2.80,114.66,2.67,0.82,2.37,3.44,false
2022-05-15,2753.09,0.00,376.51,1860.16,2.09,3.78,72.87,10.12,4.37,8.60,313.51,867.34,214.43,580.20,5.74,31.21,2228.71,1.53,15.27,528.76,1.54,2775.54,3975.76,184.25,4036.11,18.23,228.50,61.55,0.92,74.71,166.95,112.33,593.85,33.34,16.98,48.66,2.56,1.78,10.13,2.44,6.46,10.91,17.20,17.23,5.62,9.28,250.11,9.18,2.79,8.03,11.38,false
2022-05-16,2644.80,0.00,251.01,1632.87,2.49,3.75,54.91,8.63,3.47,7.96,350.25,891.53,162.11,556.46,3.65,27.39,1983.52,1.34,16.65,415.29,1.32,2432.03,3545.00,168.41,4620.36,16.30,249.22,52.37,31.58,78.69,196.85,108.35,505.61,28.37,11.81,53.92,2.74,1.73,6.19,2.05,5.28,8.78,14.29,14.01,4.58,7.64,207.94,7.47,2.28,6.49,9.39,false
2022-05-17,,,,,,,,,,,,,,,,,,,,,,,,,,,,,,,,,,,,,,,,,,,,,,,,,,,,false
2022-05-18,,,,,,,,,,,,,,,,,,,,,,,,,,,,,,,,,,,,,,,,,,,,,,,,,,,,false
2022-05-19,,,,,,,,,,,,,,,,,,,,,,,,,,,,,,,,,,,,,,,,,,,,,,,,,,,,false
2022-05-20,2318.88,0.00,251.01,1702.74,2.13,4.05,48.59,10.97,4.27,10.42,720.02,1028.94,160.24,965.85,13.69,538.51,1798.86,1.51,17.59,533.25,2.60,2044.51,5033.84,174.24,1954.67,13.15,224.26,53.61,44.81,89.41,170.65,108.60,360.99,37.07,14.93,39.17,1.48,5.26,7.20,1.56,3.97,6.74,11.27,11.00,3.53,5.96,151.97,5.79,1.76,5.00,7.40,false
2022-05-21,1332.77,0.00,125.50,825.44,1.73,2.66,30.42,7.72,2.82,8.49,463.56,217.60,69.55,813.00,10.48,41.00,827.73,1.13,11.13,283.51,1.20,1201.66,2766.01,131.58,1111.20,8.19,133.91,36.02,37.79,35.73,97.89,61.27,196.04,21.70,10.54,18.55,0.47,5.29,4.35,0.95,2.17,3.66,6.60,6.46,2.04,3.34,85.50,3.34,0.99,2.70,4.19,false
2022-05-22,,,,,,,,,,,,,,,,,,,,,,,,,,,,,,,,,,,,,,,,,,,,,,,,,,,,false
2022-05-23,,,,,,,,,,,,,,,,,,,,,,,,,,,,,,,,,,,,,,,,,,,,,,,,,,,,false
2022-05-24,,,,,,,,,,,,,,,,,,,,,,,,,,,,,,,,,,,,,,,,,,,,,,,,,,,,false
2022-05-25,,,,,,,,,,,,,,,,,,,,,,,,,,,,,,,,,,,,,,,,,,,,,,,,,,,,false
2022-05-26,,,,,,,,,,,,,,,,,,,,,,,,,,,,,,,,,,,,,,,,,,,,,,,,,,,,false
2022-05-27,,,,,,,,,,,,,,,,,,,,,,,,,,,,,,,,,,,,,,,,,,,,,,,,,,,,false
2022-05-28,,,,,,,,,,,,,,,,,,,,,,,,,,,,,,,,,,,,,,,,,,,,,,,,,,,,false
2022-05-29,,,,,,,,,,,,,,,,,,,,,,,,,,,,,,,,,,,,,,,,,,,,,,,,,,,,false
2022-05-30,,,,,,,,,,,,,,,,,,,,,,,,,,,,,,,,,,,,,,,,,,,,,,,,,,,,false
2022-05-31,,,,,,,,,,,,,,,,,,,,,,,,,,,,,,,,,,,,,,,,,,,,,,,,,,,,false
2022-06-01,,,,,,,,,,,,,,,,,,,,,,,,,,,,,,,,,,,,,,,,,,,,,,,,,,,,false
2022-06-02,,,,,,,,,,,,,,,,,,,,,,,,,,,,,,,,,,,,,,,,,,,,,,,,,,,,false
2022-06-03,,,,,,,,,,,,,,,,,,,,,,,,,,,,,,,,,,,,,,,,,,,,,,,,,,,,false
2022-06-04,,,,,,,,,,,,,,,,,,,,,,,,,,,,,,,,,,,,,,,,,,,,,,,,,,,,false
2022-06-05,,,,,,,,,,,,,,,,,,,,,,,,,,,,,,,,,,,,,,,,,,,,,,,,,,,,false
2022-06-06,,,,,,,,,,,,,,,,,,,,,,,,,,,,,,,,,,,,,,,,,,,,,,,,,,,,false
2022-06-07,,,,,,,,,,,,,,,,,,,,,,,,,,,,,,,,,,,,,,,,,,,,,,,,,,,,false
2022-06-08,,,,,,,,,,,,,,,,,,,,,,,,,,,,,,,,,,,,,,,,,,,,,,,,,,,,false
2022-06-09,,,,,,,,,,,,,,,,,,,,,,,,,,,,,,,,,,,,,,,,,,,,,,,,,,,,false
2022-06-10,,,,,,,,,,,,,,,,,,,,,,,,,,,,,,,,,,,,,,,,,,,,,,,,,,,,false
2022-06-11,,,,,,,,,,,,,,,,,,,,,,,,,,,,,,,,,,,,,,,,,,,,,,,,,,,,false
2022-06-12,,,,,,,,,,,,,,,,,,,,,,,,,,,,,,,,,,,,,,,,,,,,,,,,,,,,false
2022-06-13,,,,,,,,,,,,,,,,,,,,,,,,,,,,,,,,,,,,,,,,,,,,,,,,,,,,false
2022-06-14,,,,,,,,,,,,,,,,,,,,,,,,,,,,,,,,,,,,,,,,,,,,,,,,,,,,false
2022-06-15,,,,,,,,,,,,,,,,,,,,,,,,,,,,,,,,,,,,,,,,,,,,,,,,,,,,false
2022-06-16,,,,,,,,,,,,,,,,,,,,,,,,,,,,,,,,,,,,,,,,,,,,,,,,,,,,false
2022-06-17,,,,,,,,,,,,,,,,,,,,,,,,,,,,,,,,,,,,,,,,,,,,,,,,,,,,false
2022-06-18,,,,,,,,,,,,,,,,,,,,,,,,,,,,,,,,,,,,,,,,,,,,,,,,,,,,false
2022-06-19,,,,,,,,,,,,,,,,,,,,,,,,,,,,,,,,,,,,,,,,,,,,,,,,,,,,false
2022-06-20,,,,,,,,,,,,,,,,,,,,,,,,,,,,,,,,,,,,,,,,,,,,,,,,,,,,false
2022-06-21,,,,,,,,,,,,,,,,,,,,,,,,,,,,,,,,,,,,,,,,,,,,,,,,,,,,false
2022-06-22,,,,,,,,,,,,,,,,,,,,,,,,,,,,,,,,,,,,,,,,,,,,,,,,,,,,false
2022-06-23,,,,,,,,,,,,,,,,,,,,,,,,,,,,,,,,,,,,,,,,,,,,,,,,,,,,false
2022-06-24,,,,,,,,,,,,,,,,,,,,,,,,,,,,,,,,,,,,,,,,,,,,,,,,,,,,false
2022-06-25,,,,,,,,,,,,,,,,,,,,,,,,,,,,,,,,,,,,,,,,,,,,,,,,,,,,false
2022-06-26,,,,,,,,,,,,,,,,,,,,,,,,,,,,,,,,,,,,,,,,,,,,,,,,,,,,false
2022-06-27,,,,,,,,,,,,,,,,,,,,,,,,,,,,,,,,,,,,,,,,,,,,,,,,,,,,false
2022-06-28,,,,,,,,,,,,,,,,,,,,,,,,,,,,,,,,,,,,,,,,,,,,,,,,,,,,false
2022-06-29,,,,,,,,,,,,,,,,,,,,,,,,,,,,,,,,,,,,,,,,,,,,,,,,,,,,false
2022-06-30,,,,,,,,,,,,,,,,,,,,,,,,,,,,,,,,,,,,,,,,,,,,,,,,,,,,false
2022-07-01,,,,,,,,,,,,,,,,,,,,,,,,,,,,,,,,,,,,,,,,,,,,,,,,,,,,false
2022-07-02,,,,,,,,,,,,,,,,,,,,,,,,,,,,,,,,,,,,,,,,,,,,,,,,,,,,false
2022-07-03,,,,,,,,,,,,,,,,,,,,,,,,,,,,,,,,,,,,,,,,,,,,,,,,,,,,false
2022-07-04,,,,,,,,,,,,,,,,,,,,,,,,,,,,,,,,,,,,,,,,,,,,,,,,,,,,false
2022-07-05,,,,,,,,,,,,,,,,,,,,,,,,,,,,,,,,,,,,,,,,,,,,,,,,,,,,false
2022-07-06,,,,,,,,,,,,,,,,,,,,,,,,,,,,,,,,,,,,,,,,,,,,,,,,,,,,false
2022-07-07,,,,,,,,,,,,,,,,,,,,,,,,,,,,,,,,,,,,,,,,,,,,,,,,,,,,false
2022-07-08,,,,,,,,,,,,,,,,,,,,,,,,,,,,,,,,,,,,,,,,,,,,,,,,,,,,false
2022-07-09,,,,,,,,,,,,,,,,,,,,,,,,,,,,,,,,,,,,,,,,,,,,,,,,,,,,false
2022-07-10,,,,,,,,,,,,,,,,,,,,,,,,,,,,,,,,,,,,,,,,,,,,,,,,,,,,false
2022-07-11,,,,,,,,,,,,,,,,,,,,,,,,,,,,,,,,,,,,,,,,,,,,,,,,,,,,false
2022-07-12,,,,,,,,,,,,,,,,,,,,,,,,,,,,,,,,,,,,,,,,,,,,,,,,,,,,false
2022-07-13,,,,,,,,,,,,,,,,,,,,,,,,,,,,,,,,,,,,,,,,,,,,,,,,,,,,false
2022-07-14,,,,,,,,,,,,,,,,,,,,,,,,,,,,,,,,,,,,,,,,,,,,,,,,,,,,false
2022-07-15,,,,,,,,,,,,,,,,,,,,,,,,,,,,,,,,,,,,,,,,,,,,,,,,,,,,false
2022-07-16,,,,,,,,,,,,,,,,,,,,,,,,,,,,,,,,,,,,,,,,,,,,,,,,,,,,false
2022-07-17,,,,,,,,,,,,,,,,,,,,,,,,,,,,,,,,,,,,,,,,,,,,,,,,,,,,false
2022-07-18,,,,,,,,,,,,,,,,,,,,,,,,,,,,,,,,,,,,,,,,,,,,,,,,,,,,false
2022-07-19,,,,,,,,,,,,,,,,,,,,,,,,,,,,,,,,,,,,,,,,,,,,,,,,,,,,false
2022-07-20,,,,,,,,,,,,,,,,,,,,,,,,,,,,,,,,,,,,,,,,,,,,,,,,,,,,false
2022-07-21,,,,,,,,,,,,,,,,,,,,,,,,,,,,,,,,,,,,,,,,,,,,,,,,,,,,false
2022-07-22,,,,,,,,,,,,,,,,,,,,,,,,,,,,,,,,,,,,,,,,,,,,,,,,,,,,false
2022-07-23,,,,,,,,,,,,,,,,,,,,,,,,,,,,,,,,,,,,,,,,,,,,,,,,,,,,false
2022-07-24,,,,,,,,,,,,,,,,,,,,,,,,,,,,,,,,,,,,,,,,,,,,,,,,,,,,false
2022-07-25,,,,,,,,,,,,,,,,,,,,,,,,,,,,,,,,,,,,,,,,,,,,,,,,,,,,false
2022-07-26,,,,,,,,,,,,,,,,,,,,,,,,,,,,,,,,,,,,,,,,,,,,,,,,,,,,false
2022-07-27,,,,,,,,,,,,,,,,,,,,,,,,,,,,,,,,,,,,,,,,,,,,,,,,,,,,false
2022-07-28,,,,,,,,,,,,,,,,,,,,,,,,,,,,,,,,,,,,,,,,,,,,,,,,,,,,false
